fipsCode,tl_km,tl_segments,tl_max_kv,tl_km_per_1ksqmi
18001,336.44685392866523,12,765.0,992.6852880235368
18003,1204.6732164221185,118,765.0,1832.760104095723
18005,683.6808741089741,49,345.0,1680.0532611907754
18007,73.54885309013804,9,345.0,180.96849325113072
18009,160.7131110155648,5,345.0,973.5350372273466
18011,411.17907525792424,35,345.0,972.3257912560103
18013,111.1539900960135,6,230.0,356.27763367067695
18015,157.13771195828113,3,230.0,422.15786676951075
18017,265.27793129904427,20,345.0,643.6535077522523
18019,364.87845058435295,39,345.0,978.6724528185848
18021,292.13255820906073,23,230.0,816.9254983474852
18023,259.1662303783407,7,230.0,639.8107729791385
18025,585.5432293430662,19,765.0,1915.9630949699988
18027,1310.563293674224,37,765.0,3051.3768220047637
18029,1449.2776719057122,43,345.0,4750.3750468086555
18031,733.1433328882548,32,765.0,1967.8107966552543
18033,324.18800429162536,30,345.0,893.4909566980548
18035,784.9150089647123,70,345.0,2001.81843189564
18037,939.1185428297734,49,765.0,2197.976765777149
18039,676.7947006771211,37,345.0,1461.2514885258497
18041,689.0840684608033,24,345.0,3204.7291588300836
18043,566.9945419063149,55,345.0,3818.63364273082
18045,461.86865959817095,20,345.0,1167.313655888702
18047,939.5714477572352,37,345.0,2444.0892337074893
18049,226.9186741101124,5,765.0,615.9690170826059
18051,865.0110953944281,59,345.0,1774.8076879875337
18053,397.9810642412879,37,138.0,961.1003051066024
18055,1029.7880250044284,43,345.0,1898.342249398449
18057,769.9854327991078,106,765.0,1952.4095796638944
18059,705.9896512320126,40,765.0,2307.4799767026498
18061,839.6769880196147,64,345.0,1734.4971080999428
18063,633.5251592781831,59,345.0,1556.9783758870446
18065,773.5167765988582,32,345.0,1973.8764372465291
18067,353.27534296727924,15,230.0,1205.4134551931568
18069,658.9040352867486,21,765.0,1721.95415455613
18071,558.6260301002033,37,345.0,1095.3924092807988
18073,172.73467538381703,20,138.0,308.63113812145696
18075,140.9646054713238,13,138.0,367.1861670760313
18077,1423.1577023551874,26,765.0,3946.200372546549
18079,391.96802977237473,14,765.0,1040.815592722127
18081,666.0743254207625,50,345.0,2078.786340904023
18083,1844.8163867218975,70,765.0,3576.4246282608265
18085,602.5415296249352,13,765.0,1133.781790037963
18087,313.3256736356731,12,345.0,825.3448716794593
18089,1427.098909107728,168,765.0,2861.4716792240433
18091,1102.8766425934527,49,765.0,1843.3906178697723
18093,766.0018692717242,41,345.0,1705.4629658768513
18095,987.938098957794,67,765.0,2186.0858401308947
18097,1369.095462866097,160,345.0,3451.9769015211264
18099,715.2071409053594,12,765.0,1612.2067104850084
18101,752.8996776020515,15,345.0,2242.3678676262325
18103,245.9585822460483,8,765.0,657.9212133629939
18105,863.0662495919787,41,345.0,2187.6251504148786
18107,480.1340622444737,36,345.0,951.4255751931026
18109,750.909418942225,32,345.0,1859.450712278374
18111,57.51287297919145,6,,143.15409386116278
18113,400.00110398801087,30,345.0,973.605870798016
18115,117.3808435553257,3,138.0,1362.5170464924631
18117,366.46554129667186,25,345.0,919.8917144143436
18119,787.6196889217473,16,345.0,2044.1990914020355
18121,242.90818608235017,20,230.0,546.2035435303261
18123,395.88792134859506,37,765.0,1037.0616685403547
18125,1288.4444375720182,53,765.0,3854.121672769967
18127,1049.4195228305778,75,765.0,2509.948536322489
18129,448.8642764808239,63,345.0,1096.435571603317
18131,369.4381728517764,6,345.0,851.8779566536609
18133,415.0734859492083,34,345.0,863.7700862768286
18135,484.6208829965248,16,345.0,1071.2718384286732
18137,652.7203673359757,29,345.0,1462.111869988723
18139,981.1418135846742,39,765.0,2403.9521376025064
18141,1847.712495169224,85,765.0,4036.2720170939647
18143,274.26810638233525,23,765.0,1440.4610556679004
18145,843.0548875983656,45,765.0,2050.5399345192263
18147,831.419246113589,41,765.0,2094.8776868529917
18149,366.4781872000676,5,345.0,1185.461102916659
18151,119.058318917598,9,138.0,385.5802696366569
18153,885.1532733428413,43,765.0,1979.4469987898196
18155,753.4911225131851,36,345.0,3414.591705698992
18157,679.5232583256213,56,345.0,1362.023900898607
18159,242.05863081882816,3,765.0,929.0615711877522
18161,522.0724483189924,20,345.0,3238.8637528320146
18163,645.552244130488,128,345.0,2765.8503782352605
18165,670.3837578514652,28,345.0,2609.8782151312184
18167,928.6607575871776,73,345.0,2300.8863942597495
18169,263.50037478858866,14,765.0,638.7299467893592
18171,305.0796062199703,5,345.0,836.5450278866168
18173,394.16151606341026,44,138.0,1024.2138120309066
18175,572.4740424057183,18,765.0,1114.4413668356767
18177,633.7338184681677,54,345.0,1577.4175701254192
18179,565.1805300237215,24,765.0,1535.4536564011266
18181,646.2466151824796,24,345.0,1279.3441313826088
18183,577.1921547090064,19,765.0,1720.045280566104
39001,858.9108213162052,31,345.0,1471.0601318717206
39003,642.6475969502463,41,345.0,1596.4615060434146
39005,561.542983400365,15,138.0,1327.5655833403034
39007,284.82728535459654,27,345.0,405.698153245483
39009,595.5887864950312,22,345.0,1182.559082397549
39011,483.8992245712868,27,765.0,1205.5647517396803
39013,1025.9648020398993,83,765.0,1928.0450006105673
39015,872.5356544699436,21,345.0,1782.34732080725
39017,927.9455337045852,136,345.0,1989.0627999943952
39019,1181.5386482502731,31,765.0,2994.1782009930594
39021,240.1515767331465,19,138.0,559.8082392162655
39023,577.1681808582339,51,345.0,1454.274701880517
39025,1360.411640559778,66,345.0,3006.0359743675485
39027,350.84495146032725,18,345.0,858.3761727403286
39029,1176.06798919192,19,345.0,2210.9990641245154
39031,716.2487393529964,18,345.0,1269.971593993128
39033,362.8115110272771,30,345.0,902.9968964256522
39035,655.2602362304283,134,345.0,1433.1681351289192
39037,230.7172216611098,18,138.0,385.7489552971062
39039,250.1270040872021,21,138.0,607.9159170912677
39041,1028.0480492686893,58,765.0,2319.8804217758197
39043,465.9928581231665,20,345.0,1854.4174736683267
39045,865.3238496494535,73,345.0,1715.66990106263
39047,138.0935012868322,14,69.0,339.82961279953594
39049,1382.342547508939,139,345.0,2596.353135810726
39051,145.43761472908906,7,345.0,358.7093127562642
39053,1025.4560610700555,38,765.0,2198.049559664021
39055,481.558796859513,27,345.0,1202.9917408637823
39057,703.6502801182845,54,345.0,1701.4507727271912
39059,597.7646318049647,32,765.0,1144.5860286469124
39061,1238.3989614192433,163,345.0,3054.7054229928035
39063,451.45017261169056,30,345.0,849.6686069951357
39065,208.45022832233232,6,345.0,443.2423494738984
39067,1198.6106841171577,42,765.0,2979.165622627035
39069,322.4006320823087,13,345.0,774.9828900322317
39071,774.7824301805547,21,345.0,1400.8404332444163
39073,482.7550083668946,14,765.0,1145.7366894590816
39075,349.71367075016843,20,138.0,827.5053021451554
39077,45.860241127280545,4,69.0,93.16585736573307
39079,636.8975126403608,23,345.0,1515.3042103218118
39081,1756.8537918740572,74,765.0,4304.705902799289
39083,536.8505611758465,20,345.0,1021.6014895857963
39085,418.2687192402626,31,345.0,1824.3499770587632
39087,510.14905063077543,41,765.0,1125.1806945205935
39089,1233.9700442430026,71,765.0,1808.208122250442
39091,414.2609008871361,14,765.0,903.5015918813192
39093,756.634137638889,75,345.0,1542.4640345232335
39095,653.5496974296555,82,345.0,1924.1121271073253
39097,559.6674554436007,21,765.0,1201.482685027931
39099,1189.3450107696915,49,345.0,2890.3516281633765
39101,280.6750825243807,27,138.0,695.0740764733083
39103,88.97770940526104,7,345.0,211.11880520778115
39105,1730.117434634033,61,765.0,4022.574725609352
39107,204.8670615930093,4,765.0,443.0065750086157
39109,579.0731264358615,39,345.0,1424.4605480057892
39111,557.3591174195941,18,765.0,1223.0216983114613
39113,768.8100477336143,99,345.0,1666.431952534219
39115,709.7818290078335,34,345.0,1704.460886226685
39117,167.1558647858244,9,345.0,411.57811162282496
39119,1474.6407382586665,62,765.0,2219.0198094017064
39121,459.555818373579,32,345.0,1154.6280473291731
39123,279.58594449353706,12,345.0,1097.6896495286178
39125,282.93186925016784,25,138.0,679.4142405181309
39127,656.059376824787,40,345.0,1608.2488265866218
39129,760.2316695773096,55,765.0,1516.738230061588
39131,1287.3616721617188,33,765.0,2923.9479973328885
39133,836.5322438802594,30,345.0,1716.2980352689435
39135,484.3224443234952,29,345.0,1141.6613887962906
39137,481.9301560148659,27,345.0,998.727900491698
39139,602.6853738137787,43,345.0,1216.9881161846563
39141,821.6479542146386,43,765.0,1192.235186028676
39143,435.59783165943423,35,345.0,1066.9984069885174
39145,1070.5680894015925,59,765.0,1754.6125747184562
39147,356.9553627379648,21,345.0,647.8013065408253
39149,386.62089803907617,15,765.0,948.3114738972764
39151,1654.350751497178,88,765.0,2875.8063701027836
39153,998.263764884368,72,345.0,2418.31563249466
39155,736.4684057836871,54,345.0,1191.5017218604842
39157,931.1195494545292,50,138.0,1641.0602769079578
39159,969.4663668137288,32,765.0,2245.3877436572925
39161,257.2658922244108,16,345.0,628.7813570192125
39163,367.681234157378,11,765.0,891.6510674104618
39165,731.8698759619399,91,345.0,1823.170529042491
39167,1393.146469733313,87,765.0,2204.436368795731
39169,688.4939998143459,22,345.0,1241.001533581859
39171,70.13367122912643,7,138.0,166.72293830914856
39173,571.027124132717,42,345.0,925.2467328395412
39175,152.98924021482858,12,345.0,376.00672488584706
42001,488.5378496874948,29,500.0,941.868649265447
42003,1414.6854662621877,155,345.0,1938.047419785613
42005,798.1396354586495,38,500.0,1221.6653612215885
42007,1040.0703184780054,52,500.0,2392.643850235235
42009,333.13841430086916,10,500.0,329.10978146594454
42011,851.2752441784147,48,500.0,994.0124499545362
42013,574.5819158444006,16,500.0,1093.86668312354
42015,339.6302546951876,24,345.0,295.98078448416925
42017,684.9708415519842,76,500.0,1133.3690316512718
42019,500.9475208115429,43,500.0,634.5236277926941
42021,1484.319500120352,44,500.0,2158.9787786655493
42023,26.8084453932849,1,,67.65828538583334
42025,451.3289434171239,33,500.0,1183.58389038488
42027,179.81409986997028,8,230.0,162.18346027084704
42029,662.648336925865,56,500.0,882.8883731654888
42031,391.9034232939187,17,345.0,652.2646372030902
42033,673.2233671923092,19,345.0,587.8011631565793
42035,514.762949283505,27,345.0,579.6984509670276
42037,518.0175629556966,30,500.0,1072.0295914747494
42039,395.0505468964524,16,345.0,390.2292643355862
42041,308.8784937925942,26,500.0,566.250813581789
42043,586.5630263408509,94,500.0,1117.539631415114
42045,259.39713389655645,56,230.0,1411.1858874224436
42047,686.449451564836,21,345.0,830.1470811679221
42049,393.7624832112735,24,345.0,492.87279492419515
42051,587.9989342436833,51,500.0,743.5889794901641
42053,0.0,0,,0.0
42055,416.3438161933415,42,500.0,539.096666178956
42057,84.7416625038868,3,138.0,193.6726518826075
42059,586.6875788031946,33,500.0,1018.6750845641404
42061,833.926180852199,19,500.0,953.4376881916452
42063,1530.4121618451006,44,500.0,1849.6552613295328
42065,522.4997717806327,14,345.0,800.8457114971342
42067,549.5491564236448,15,500.0,1404.092471272065
42069,715.7158352955269,69,500.0,1559.2495970604905
42071,1560.6921593421123,201,500.0,1653.40870593619
42073,324.45031880352064,40,345.0,907.8961812251356
42075,464.70766287178566,31,500.0,1284.3082147160603
42077,1275.459989894253,161,500.0,3693.431219505442
42079,1138.6606940347372,126,500.0,1279.8786664554298
42081,749.7325770033895,48,345.0,610.0743555344444
42083,390.2217477381605,6,345.0,398.3098270869889
42085,327.4856501068985,32,345.0,486.9530275782111
42087,575.5842955869283,11,500.0,1400.2950907733416
42089,631.651134380836,58,500.0,1038.2902381017
42091,691.2407728176572,92,500.0,1431.226249231646
42093,282.50107193611996,17,230.0,2169.0640576786104
42095,833.9087468865715,124,500.0,2255.099535102738
42097,823.0812287915911,55,500.0,1798.439966419887
42099,923.3867793509892,34,500.0,1674.4735766154065
42101,375.7476757262168,72,230.0,2796.65720716765
42103,274.43060796592795,24,500.0,503.6394313875663
42105,67.97482703548222,5,115.0,62.866950198781424
42107,547.4902426474183,77,230.0,703.1916384174481
42109,179.30648015892382,13,500.0,545.3625485392349
42111,312.5166145863073,36,230.0,290.70042015493954
42113,0.0,0,,0.0
42115,235.37297830286565,18,230.0,285.82094710960513
42117,484.57145936934097,12,345.0,427.38518472695125
42119,214.1414686311093,13,500.0,677.765827186121
42121,373.47104502413464,21,345.0,553.8935656220249
42123,311.3345121476703,15,230.0,352.07604830548433
42125,854.187261855966,60,500.0,996.706294974348
42127,403.916586531871,44,500.0,556.5360142578024
42129,1569.7119087246017,73,500.0,1527.3850151838271
42131,169.38538960308412,14,230.0,426.2597378882573
42133,1050.5200469712054,131,500.0,1161.609400365787
54001,174.33981072055795,7,138.0,511.1719987467211
54003,307.3738983789353,15,500.0,957.1127813086696
54005,441.00763373254694,42,765.0,879.3175213097156
54007,139.0194114474484,9,138.0,272.19480052756984
54009,739.549138093446,39,345.0,8291.281426223666
54011,506.7132533458023,27,765.0,1803.1024270106088
54013,82.47365968943768,2,138.0,295.3398735521493
54015,105.41458004514656,5,138.0,308.28475267561333
54017,227.17889046068288,19,500.0,710.5491017558414
54019,654.5690119208834,51,345.0,989.353310652728
54021,136.65748077463363,5,138.0,403.7112840200342
54023,748.4623161767853,15,500.0,1567.880638530926
54025,162.27748146357743,8,138.0,159.12474293186833
54027,621.948626400185,11,500.0,971.184703358492
54029,1035.088937189777,33,500.0,12529.977813431671
54031,406.40152793965586,6,500.0,697.9066792709373
54033,574.5172537716543,32,500.0,1381.024532633157
54035,499.82237450049274,18,765.0,1076.3705979651363
54037,256.5304263672553,10,500.0,1225.6824132675986
54039,1141.965928404293,92,345.0,1266.5318709787998
54041,171.6411423177279,5,138.0,443.5974008676709
54043,224.5823097668548,6,765.0,513.8089829094833
54045,408.0674941828966,30,765.0,899.3877112448876
54047,498.65286452019507,30,765.0,934.7556218487588
54049,585.8990365172576,57,500.0,1897.6302627577952
54051,1359.3844504547033,102,765.0,4450.70883588995
54053,1300.4644906507256,35,765.0,3018.944050279328
54055,339.52174818431416,16,345.0,810.3879306102085
54057,396.354875011612,19,500.0,1208.8338945462451
54059,301.1199213099309,36,138.0,711.6318979768655
54061,576.7638646934993,45,500.0,1601.712519837984
54063,35.10035318365462,1,138.0,74.24654933359552
54065,155.6095014156473,3,500.0,679.3009277201908
54067,241.0301550700737,20,138.0,372.6237080697317
54069,233.9672496063864,21,138.0,2210.783800495005
54071,200.73237833264457,5,500.0,288.38787203885437
54073,231.33669244614012,6,765.0,1777.885569718028
54075,248.3476076457444,12,500.0,264.13242552770555
54077,579.9603945352354,30,500.0,893.8777439069371
54079,1010.2102119353552,52,765.0,2922.3939317556324
54081,593.1970624195731,45,345.0,979.909545277386
54083,256.8959217851833,20,138.0,247.08658438509505
54085,47.14394464106352,2,138.0,104.30307007027484
54087,139.88558874278192,3,138.0,289.2810011162598
54089,321.7969692026664,9,345.0,892.412946495392
54091,555.3344759634342,21,500.0,3214.280614011809
54093,391.6473724932176,14,500.0,934.6211197230308
54095,248.95343814775708,6,765.0,971.3285036705022
54097,322.83253475944474,17,138.0,910.3156874318172
54099,598.8407193069119,24,765.0,1183.4679880770186
54101,143.1266172195356,9,138.0,258.5986904792231
54103,224.1336268730567,17,765.0,625.954435547137
54105,164.16493720844807,2,765.0,706.0523468070245
54107,407.8839393460375,36,765.0,1112.916614859584
54109,715.0704541868154,35,765.0,1431.6584663479596
