idea,rmse_mean,mae_mean,rmse_t01h,rmse_t06h,rmse_t24h,rmse_t48h,fold_spread,folds,secs
I13 Poisson/Tweedie GBM,0.0114181406855892,0.0028002500124719,0.013725175800047668,0.012169792542241,0.0101271996611288,0.0096503947389395,0.0027714505355396,0.01128 0.00706 0.01558 0.00973 0.01145,27.0
I01 amplitude x shape,0.0138622428311223,0.0040833563622776,0.0181110363842349,0.0158692159378502,0.0113740598024102,0.010094659199994,0.0031464886355806,0.01056 0.01015 0.01873 0.01292 0.01489,2.0
I02 impulse-response (system ID),0.0112017928739989,0.0041329645906382,0.012877354578563692,0.0122290390135553,0.0103624391107343,0.0093383387931424,0.0021136237434709,0.00890 0.00919 0.01466 0.01027 0.01186,13.0
I03 FPCA two-stage,0.0124681817217947,0.0040734016731022,0.016166682169031284,0.014224258392957,0.0104322830775395,0.0090495032476511,0.0031274361811527,0.00896 0.00851 0.01703 0.01209 0.01347,5.0
I04 wave-conditioned cascade,0.0108594731332077,0.0034607620827423,0.012696521808475745,0.0116254538144794,0.009900804221467,0.0092151126884086,0.0021584730501199,0.01118 0.00702 0.01372 0.01008 0.01094,39.0
I05 archetype gate,0.0102188198129436,0.0032669698839248,0.013099813936741287,0.0114040336604292,0.0085557624639543,0.0078156691906498,0.0018667920741508,0.00953 0.00759 0.01332 0.00995 0.00936,79.0
I05b archetype ORACLE (ceiling),0.0094458970851751,0.0031261101135869,0.012047427187881784,0.0105970769598528,0.0081168226457682,0.0070222615471976,0.0018834311146287,0.00729 0.00735 0.01236 0.00999 0.00900,76.0
I06 quantile two-stage,0.0106290440168164,0.0033117081499362,0.012383315805216113,0.0112037445477864,0.0097198230175878,0.0092092926966755,0.0023834710982052,0.00895 0.00671 0.01382 0.01127 0.01090,53.0
I07 cross-county attention,0.0093126524731402,0.0030551895367609,0.01124933689802603,0.0100509141881847,0.0084294752496985,0.0075208835566517,0.0019144921234545,0.00730 0.00654 0.01177 0.01007 0.00981,194.0
I08 transductive pretraining,0.0098428794441185,0.0032178377060254,0.012185051059285235,0.0106521660304262,0.0085674289881507,0.0079668716986119,0.0023567123470388,0.00630 0.00770 0.01313 0.01001 0.01042,201.0
I09 Tweedie emission head,0.0102160367210474,0.0030454738062685,0.013252186998320438,0.011322219644526,0.0085171184184917,0.0077726218228516,0.0032087855745166,0.00688 0.00601 0.01503 0.00948 0.01090,170.0
I10 MC-dropout sampler,0.0103157051383823,0.0034169256809199,0.012350322076828112,0.0111292577421741,0.009339181036374,0.0084440596981531,0.0020842857903746,0.00805 0.00856 0.01395 0.01024 0.00955,102.0
I11 storm augmentation,0.009549960460087,0.0029455765352052,0.011008219824666378,0.0103416046086013,0.0087729079182555,0.0080771094888249,0.0019256473327868,0.00977 0.00640 0.01242 0.00893 0.00911,1267.0
I12 TFT-lite,0.0098212351505001,0.0033271833771418,0.011267321679007252,0.0105243969468426,0.0092301856775213,0.0082630362986293,0.0018083528972588,0.00895 0.00683 0.01242 0.00981 0.01011,143.0
I13 Poisson/Tweedie GBM,0.0114181406855892,0.0028002500124719,0.013725175800047668,0.012169792542241,0.0101271996611288,0.0096503947389395,0.0027714505355396,0.01128 0.00706 0.01558 0.00973 0.01145,21.0
I14 hierarchical pooling,0.0103179466660576,0.0032438159896167,0.012085481331704312,0.0110349240135435,0.0095159626988874,0.0086354186200951,0.0021105556144056,0.00917 0.00677 0.01324 0.01058 0.01058,70.0
I15 survival restoration,0.0113122203337791,0.0028836840793373,0.013126371891901743,0.0122462067587726,0.0103188610702621,0.0095574416141799,0.0035067146843447,0.00870 0.00763 0.01669 0.00790 0.01279,1.0
I16 static enrichment,0.0104657890852973,0.0033422793992606,0.012739342869951037,0.0115069112721556,0.0092017567713103,0.0084151454277723,0.0020750166368,0.00886 0.00725 0.01341 0.01102 0.01045,19.0
I17 physics indices,0.0108108353314092,0.0033610813056511,0.012957331615401559,0.0117225975333146,0.0096038007481922,0.0089596114287286,0.0019740803854166,0.01043 0.00711 0.01316 0.01144 0.01073,18.0
I17b static + physics,0.0104555432661855,0.0033261995310928,0.012939768026343649,0.0115908905664329,0.0090255460549917,0.0082659684169739,0.0020253782287734,0.00905 0.00706 0.01306 0.01121 0.01052,17.0
I18 in-dataset pretraining,0.0108649421898123,0.0037200469764905,0.012667383023685329,0.0114467535833781,0.0098292546008719,0.0095163775513138,0.0024965299720867,0.00943 0.00849 0.01499 0.00832 0.01151,184.0
I20 GRU 8 seeds,0.0094814076680077,0.0030564482643582,0.011575366814381552,0.0102582130814035,0.0084566799690123,0.0076353708072334,0.0024820593746521,0.00641 0.00655 0.01310 0.00952 0.01002,349.0
S21 XGBoost,0.0102806410032201,0.0033429527419115,0.012187603707729474,0.0110111008104709,0.0092488698139736,0.0086749896807067,0.0018871076082943,0.00889 0.00747 0.01301 0.00989 0.01108,11.0
S21b XGBoost Tweedie,0.0106611400198207,0.0025448245367463,0.01323273416923935,0.0116327028562392,0.0091871156306793,0.0085920074231252,0.0034774167748219,0.00752 0.00644 0.01624 0.00879 0.01108,9.0
S22 LightGBM,0.0104184591300551,0.0033764053030926,0.012682028146707986,0.0113721166002198,0.0091743741580927,0.0084453176152,0.0018623839155359,0.00946 0.00734 0.01308 0.01033 0.01072,15.0
S22b LightGBM Tweedie,0.0104291802362677,0.0024935964189614,0.012854267049457213,0.0111924752211989,0.0091319550371731,0.0085380236372417,0.0032822392333588,0.00755 0.00602 0.01543 0.00892 0.01123,21.0
S22c LightGBM DART,0.010246717175084,0.0031691886588969,0.012592640922784205,0.0111711790772867,0.0089307964293178,0.0082922522709476,0.0020961156350169,0.00907 0.00686 0.01321 0.00976 0.01094,27.0
S23 Random Forest,0.010053931985752,0.0032795757086922,0.011979808351837387,0.0107832629492125,0.0090269584434413,0.0084256981985168,0.002209383243142,0.00834 0.00728 0.01355 0.00888 0.01080,133.0
S23b ExtraTrees,0.0096976492119338,0.0031003715726226,0.011566283593244157,0.0103752224336567,0.0086768878005671,0.0081722030202674,0.0025226463508317,0.00739 0.00646 0.01362 0.00878 0.01042,32.0
S23c Bayesian Ridge,0.0109573336671459,0.0040938822024697,0.012630148443629606,0.0118485669917097,0.010016730280834,0.0093338889524102,0.0029517430152615,0.00787 0.00758 0.01546 0.00955 0.01213,5.0
S23d ElasticNet,0.0111503950649534,0.00405748514148,0.012839756532916939,0.0120475487909266,0.0101940921077867,0.0095201828281834,0.0027171700095922,0.00944 0.00760 0.01547 0.00945 0.01191,12.0
S24 log1p target,0.0099636988559344,0.0027511924268087,0.012345251425411272,0.0107748768667839,0.0087127156953167,0.0080219514362257,0.0027344286008892,0.00750 0.00621 0.01404 0.00902 0.01080,26.0
S24b sqrt target,0.009667388624905,0.0025675512004245,0.01197543655116128,0.0105771449465119,0.0083776483928653,0.0077393246090813,0.0022791275818166,0.00756 0.00632 0.01285 0.00940 0.01050,23.0
S29 sqrt + ExtraTrees,0.0098737220878058,0.0024842781906436,0.011803129323657202,0.0105417160268963,0.0088076540157996,0.0083423889848702,0.0030674131108677,0.00705 0.00652 0.01481 0.00779 0.01059,30.0
S29b sqrt + RandomForest,0.0098844172618149,0.0025649999654096,0.011867962672632279,0.0106442464862511,0.0088306965322348,0.0081947633561413,0.0028415377025331,0.00715 0.00671 0.01430 0.00808 0.01092,101.0
S29c sqrt + LightGBM,0.0096129022542917,0.0025542688768843,0.011719900127602224,0.0104478634084734,0.0085023758961646,0.0077814695849265,0.0024123220091657,0.00743 0.00624 0.01310 0.00891 0.01057,11.0
S29d sqrt + XGBoost,0.0095955813525216,0.0025101170861202,0.011745682420778124,0.0104538290667811,0.0083959438837469,0.0077868700387805,0.002542246467475,0.00712 0.00628 0.01330 0.00858 0.01069,8.0
S29e sqrt + bagged ExtraTrees,0.0099993577956639,0.002523884066342,0.012040298745515939,0.0107133406338255,0.0088800914377662,0.0083637003655481,0.0030365427084536,0.00718 0.00649 0.01474 0.00808 0.01098,91.0
S25 binned classification,0.0335253724114699,0.0061001878156784,0.036950599241024944,0.0343101310063142,0.0304177404361494,0.0324230189623913,0.0181113312783273,0.01340 0.06259 0.02026 0.01497 0.02872,87.0
S26 county-normalized target,0.021640426109172,0.0054255195670618,0.025680283024340323,0.0240786017350325,0.0228803184662338,0.0139225012110814,0.0083529490965736,0.02833 0.01310 0.03158 0.01436 0.01188,16.0
S27 feature selection top-40,0.0104685176040353,0.0034038347838987,0.012780490167617776,0.0115078107492595,0.0091773535296644,0.0084084159695995,0.0017395619584653,0.00981 0.00738 0.01270 0.01107 0.01025,11.0
S28 quantile-transformed features,0.0105234527930902,0.0033573467649888,0.012971903496400454,0.0116702479314117,0.0091149312203551,0.0083367285241935,0.001941766641875,0.00930 0.00736 0.01320 0.01117 0.01031,27.0
S30 LSTM seq2seq,0.0095474456953333,0.0030117262852363,0.011460961699018904,0.0103053377452604,0.0085679902791607,0.0078554930578934,0.0024814960739951,0.00719 0.00666 0.01363 0.00866 0.00982,128.0
S31 bidirectional encoder,0.0090976651133266,0.0029727902260069,0.010752433263037249,0.0096607670518954,0.0083714633178778,0.0076059968204959,0.002386086483455,0.00653 0.00643 0.01275 0.00806 0.01004,167.0
S39 cross-county self-leak fixed,0.0093902233005244,0.0031416677002846,0.01133377775826518,0.0101862180711307,0.0084810373676739,0.0075598600050277,0.0020411725163294,0.00759 0.00680 0.01272 0.00907 0.00952,203.0
S39b cross-county + transductive pool,0.0093933769261867,0.003144447915637,0.011336942636106106,0.0101892876097423,0.0084825711630559,0.0075647062958426,0.0020446389953598,0.00759 0.00680 0.01273 0.00908 0.00953,196.0
S41 RAFT retrieved analogs,0.0104486789475607,0.0033413100484588,0.012266760639784111,0.0110934050506156,0.0095528872564914,0.0088816628433517,0.0018041522085793,0.00937 0.00895 0.01364 0.00876 0.01060,160.0
S41 RAFT retrieved analogs,0.0104486789475607,0.0033413100484588,0.012266760639784111,0.0110934050506156,0.0095528872564914,0.0088816628433517,0.0018041522085793,0.00937 0.00895 0.01364 0.00876 0.01060,166.0
S42 TiDE (known-future covariates),0.01121351148137,0.0038228229312374,0.013601264357087,0.0122943061131404,0.0098703980915811,0.0090880773636715,0.0025873778433723,0.01107 0.00692 0.01489 0.00986 0.01171,17.0
S32 temporal CNN (TCN),0.0105420748655396,0.0036524786032059,0.012278902159106446,0.0114122651054039,0.0095818570989551,0.008895275098693,0.0027650247770464,0.00868 0.00692 0.01488 0.00886 0.01142,395.0
S33 basis expansion (N-BEATS style),0.0105957304192593,0.0037500913505106,0.012249860170543898,0.011438810375238,0.0097013443515114,0.0089929067797439,0.0027270606749569,0.00804 0.00702 0.01483 0.01004 0.01117,33.0
S34 physics-informed net,0.010711321722054,0.0037797071810676,0.012278489013330826,0.0114608153717855,0.0099756273605682,0.0091303551425315,0.0023303155123672,0.00941 0.00706 0.01400 0.01175 0.00992,126.0
S40 multi-origin augmentation,0.0093624058756587,0.0032277781669847,0.011146281020978192,0.0100331315763471,0.0084655872826473,0.0078046236226622,0.0021704081129329,0.00712 0.00685 0.01289 0.00901 0.00959,225.0
S35 mixup augmentation,0.0094361917736961,0.0030401029590984,0.010970218219233207,0.0102472107097245,0.0087207853188122,0.0078065528470145,0.0018500905222935,0.00939 0.00676 0.01225 0.00798 0.00976,1088.0
S35 mixup augmentation,0.0094361917736961,0.0030401029590984,0.010970218219233207,0.0102472107097245,0.0087207853188122,0.0078065528470145,0.0018500905222935,0.00939 0.00676 0.01225 0.00798 0.00976,1095.0
S36 stochastic weight averaging,0.0099277311687041,0.00324486685034,0.01215319446671853,0.010775363577456,0.0088208145154278,0.0079615521152142,0.002550239856495,0.00700 0.00682 0.01373 0.00976 0.01055,118.0
S36 stochastic weight averaging,0.0099277311687041,0.00324486685034,0.01215319446671853,0.010775363577456,0.0088208145154278,0.0079615521152142,0.002550239856495,0.00700 0.00682 0.01373 0.00976 0.01055,116.0
S37 multi-task (OSI+P+N),0.0098417976975954,0.0032242398616458,0.011785424360485493,0.0106118568202636,0.0089057504820916,0.0080641591275408,0.0021552347212473,0.00820 0.00664 0.01309 0.00978 0.01015,123.0
S44 scoring-aligned GRU,0.0100394181495005,0.0032134054119522,0.012480670791895401,0.0109578458733086,0.0087657825115946,0.0079533734212033,0.0024118529995075,0.00799 0.00678 0.01389 0.01002 0.00984,111.0
S44b scoring-aligned bi-encoder,0.0090353430261909,0.0029956666501426,0.010696169569864708,0.0096625012270919,0.0082892041309327,0.0074934971768745,0.0021765271887942,0.00692 0.00638 0.01238 0.00821 0.00987,166.0
S43 bagged bi-encoder (county subsets),0.0095687947171773,0.0030974786946163,0.01123178239144499,0.0101111680798031,0.0087278606595043,0.0082043677379567,0.0025355206897782,0.00692 0.00643 0.01335 0.00875 0.01056,148.0
S45 sub-county gust heterogeneity,0.0096253258510924,0.0025526562374342,0.011668792878631746,0.0104137316421468,0.0085143469491303,0.0079044319344609,0.0025453133619332,0.00719 0.00636 0.01330 0.00843 0.01091,8.0
S45 sub-county gust heterogeneity,0.0094219161358175,0.0025229620563707,0.011483463082382286,0.0102273243543437,0.0083192191059177,0.0076576580006263,0.002339466373837,0.00701 0.00647 0.01271 0.00847 0.01072,8.0
S46 sub-county bi-encoder,0.0095778017554356,0.0031325361511988,0.011129081525982493,0.0101268294299947,0.008810529762806,0.0082447663029594,0.0026148085342406,0.00676 0.00689 0.01340 0.00785 0.01105,128.0
S46b sub-county scoring-aligned bi-enc,0.0095139030452134,0.0030674149125704,0.011294459773618822,0.0101145998240837,0.00865523164538,0.0079913209377713,0.0025434794613798,0.00693 0.00670 0.01355 0.00826 0.01027,133.0
S47 BiGRU + external county data,0.0095629151700463,0.0030949306343353,0.011155805382683267,0.0101382888980836,0.0088038418897418,0.0081537245096764,0.0025226299532605,0.00686 0.00670 0.01341 0.00848 0.01056,130.0
S47b BiGRU + ext + scoring-aligned,0.0096322938217849,0.0030821223981845,0.011392670092706138,0.0102461315824298,0.0087633782448052,0.0081269953671984,0.0025107281064221,0.00691 0.00681 0.01368 0.00908 0.00992,106.0
S50 BiGRU sqrt target,0.0097126045002885,0.0026057117852205,0.01133075643873685,0.0104020211308097,0.0089069661649301,0.0082106742666773,0.0027784293039439,0.00678 0.00631 0.01409 0.00936 0.00989,122.0
S51 BiGRU dual raw+sqrt loss,0.009164592408256,0.0026475788714941,0.01055231247761535,0.0098526157832456,0.0085051425546939,0.007748298817469,0.0025380988732257,0.00597 0.00660 0.01300 0.00831 0.01004,140.0
S53 shared encoder + state residuals,0.0096350821439705,0.0032487568667387,0.011188428921380134,0.0102168064407115,0.0089116093181767,0.0082234838956136,0.0024758744925897,0.00740 0.00674 0.01366 0.00847 0.01019,131.0
S54 severe-event auxiliary head,0.0095960149548679,0.0030339405204874,0.011223745442609394,0.0101802633087247,0.0087871280409963,0.0081929230271414,0.0026502772144642,0.00671 0.00663 0.01359 0.00834 0.01072,117.0
S52 per-column horizon specialists,0.0096996699940714,0.0031952966995981,0.011398195605163482,0.0106743731564858,0.0088652578737065,0.0078608533409299,0.0026147839642144,0.00678 0.00702 0.01387 0.00853 0.01036,299.0
"S60 sqrt-XGB base (no statics, no sub)",0.0100463516833722,0.0026881207481242,0.011797716844219127,0.0107025819736619,0.0091141465123459,0.0085709614032622,0.0023644405276421,0.00843 0.00660 0.01359 0.00917 0.01084,19.0
S60b sqrt-XGB + statics,0.0095955813525216,0.0025101170861202,0.011745682420778124,0.0104538290667811,0.0083959438837469,0.0077868700387805,0.002542246467475,0.00712 0.00628 0.01330 0.00858 0.01069,25.0
S60c sqrt-XGB + sub-county,0.010159656443135,0.0026574582248981,0.011887247786850831,0.0107300240386865,0.0092265332434453,0.0087948207035574,0.0026544914030829,0.00838 0.00638 0.01427 0.00904 0.01078,22.0
S60d sqrt-XGB + statics + sub-county,0.0095626421657906,0.0025345078368763,0.011612673297483823,0.0104151999588495,0.0084250986655771,0.0077975967412519,0.0025617810531483,0.00693 0.00642 0.01333 0.00844 0.01071,26.0
S61 + spatial storm-exposure summaries,0.0096221938049309,0.0025588230719129,0.011708381618364386,0.0104159635490967,0.0084978836480142,0.0078665464042484,0.0024731951046927,0.00727 0.00644 0.01334 0.00862 0.01055,32.0
S61b ExtraTrees + all tabular info,0.009758178531275,0.002450872571203,0.011666977768735777,0.0104126497550384,0.0087159887967943,0.0082370978045317,0.0030350999181469,0.00705 0.00638 0.01465 0.00771 0.01043,96.0
S62 BiGRU + scoring + dual loss,0.0089657840031934,0.0025658902335151,0.010276856620826884,0.0096076773850077,0.0083517503743874,0.0076268516325515,0.0018907026408292,0.00712 0.00630 0.01165 0.00914 0.00954,440.0
"S63 multi-origin, 5 origins",0.0101626445543588,0.0035654920805197,0.011874194429330978,0.0107718348954488,0.0092499604759127,0.0087545884167428,0.0022974815569539,0.00776 0.00691 0.01326 0.01093 0.01058,1108.0
"S63c multi-origin, 5 storm-phase origins",0.0102550111090581,0.0033336288295802,0.012077606387801325,0.0108797643068015,0.0093632694125025,0.0086994043291273,0.0025330646037608,0.00752 0.00673 0.01363 0.01141 0.01029,386.0
"S63b multi-origin, 8 origins",0.0100793165244572,0.0035563275910551,0.011619517596424005,0.0107206268065747,0.0092476112043305,0.0087295104904997,0.0025362045912003,0.00752 0.00670 0.01365 0.01136 0.00946,778.0
S64 cross-fitted ensemble distillation,0.0089232280703448,0.002859779313585,0.01047134753804548,0.0094426040047941,0.0082323526707883,0.0075466080677515,0.0024551885548252,0.00615 0.00608 0.01257 0.00809 0.00991,238.0
E1 component-GRU + S62 objective,0.0097098387564519,0.0028733739436757,0.011995201172508907,0.010689079448357,0.0085234057592634,0.0076316686456784,0.0025722639864765,0.00720 0.00633 0.01334 0.00875 0.01110,131.0
E2 Transformer + dual raw/sqrt,0.0094975303430636,0.0027208475538664,0.011258414054718401,0.0103136623619726,0.0085274844591504,0.0078905604964131,0.0024308070970066,0.00619 0.00663 0.01264 0.00988 0.01044,572.0
E3 N_t transition auxiliary head,0.0091240480892943,0.0025685165369779,0.010591061632693318,0.0098371018089178,0.0084004443099045,0.0076675846056615,0.0022226179524303,0.00703 0.00627 0.01265 0.00880 0.00939,161.0
E4 sqrt-XGB + EIA meters + elev_range,0.0095355602115589,0.0025528433117703,0.011662712801702961,0.0103533254246904,0.0083897384277921,0.0077364641920501,0.0024532200891687,0.00699 0.00645 0.01303 0.00855 0.01079,16.0
E4b sqrt-XGB + 4 sanctioned cols,0.0096245816300072,0.0025423874410153,0.01179660700359305,0.0104573445063281,0.0084423573054384,0.0078020177046692,0.0025347424528449,0.00696 0.00663 0.01352 0.00864 0.01042,14.0
E4c sqrt-XGB + HIFLD transmission,0.0095799995783885,0.0025652964030429,0.01172271853005361,0.0103728566852844,0.0084337293108239,0.0077906937873921,0.00256353501402,0.00695 0.00648 0.01348 0.00851 0.01048,12.0
E4d ExtraTrees + EIA meters + elev,0.0097446604451515,0.0024734893955339,0.011699645221681659,0.0104417062260759,0.0086773121056447,0.0081599782272038,0.0029980731775134,0.00689 0.00651 0.01457 0.00779 0.01045,37.0
E5 2-layer bi-encoder + S62 loss,0.0089342366406411,0.0025708994338678,0.01061615999210251,0.0096576542290193,0.0081091595216215,0.0073539728198211,0.0023273946688773,0.00614 0.00628 0.01240 0.00852 0.00969,218.0
P1 stock-flow hurdle (monotone),0.0114770722944017,0.0038419402678054,0.013506037597969856,0.0126702741915816,0.0103923006500248,0.0093396767380305,0.0021410920604807,0.01282 0.00780 0.01402 0.01082 0.01041,9.0
P1b stock-flow hurdle (no monotone),0.0115770438547437,0.00388384915221,0.01354563685982773,0.0127246364311686,0.0105247816988855,0.009513120429093,0.0023142045865555,0.01207 0.00740 0.01452 0.01061 0.01168,8.0
P1 stock-flow hurdle (monotone),0.0108852232481212,0.0045254554553374,0.012704396552532372,0.0118465254548771,0.0099956695930035,0.0089943013920719,0.0025998419416749,0.00909 0.00665 0.01403 0.01028 0.01261,19.0
P1b stock-flow hurdle (no monotone),0.0104194851670286,0.0044659781306147,0.012211580813217094,0.0113567841278048,0.0095481736418575,0.0085614020852349,0.0022768919783794,0.00919 0.00728 0.01409 0.00929 0.01084,18.0
"P1c stock-flow, teacher-forced only",0.0114770722944017,0.0038419402678054,0.013506037597969856,0.0126702741915816,0.0103923006500248,0.0093396767380305,0.0021410920604807,0.01282 0.00780 0.01402 0.01082 0.01041,9.0
"P1d stock-flow, 3 DAgger rounds",0.011907465829058,0.0064118689453709,0.013395029932554805,0.0126361857955389,0.0111156895179814,0.0104829580701569,0.0022093459497585,0.00952 0.01001 0.01448 0.01009 0.01425,38.0
P3 test-time latent adaptation (1D),0.0093209563910693,0.0027316468192416,0.011152222269548328,0.0099602643767328,0.0084430474892263,0.0077282914287699,0.0023849566701681,0.00650 0.00644 0.01285 0.00930 0.00986,128.0
"P3b same model, no adaptation (z=0)",0.0093209563910693,0.0027316468192416,0.011152222269548328,0.0099602643767328,0.0084430474892263,0.0077282914287699,0.0023849566701681,0.00650 0.00644 0.01285 0.00930 0.00986,123.0
P4 storm-phase canonicalization,,,FAILED: fp and xp are not of the same length.,0.0,,,,,
P4 storm-phase canonicalization,0.0094180455335741,0.0030667573303367,0.01102229596594742,0.0100191131282147,0.0086774973602712,0.0079532756798631,0.0024044503243204,0.00671 0.00630 0.01260 0.00896 0.01086,149.0
P3 test-time latent adaptation (1D),0.0092154551812317,0.0026685626669989,0.010999798048198032,0.0098133319103896,0.0083383266376509,0.0077103641286882,0.0023376476999944,0.00643 0.00641 0.01268 0.00924 0.00970,127.0
"P3b same model, no adaptation (z=0)",0.0092153343333864,0.0026685068411598,0.010999321261269852,0.0098131786667375,0.0083383417816401,0.0077104956238983,0.0023378781997597,0.00643 0.00641 0.01268 0.00924 0.00970,121.0
"B1 SARIMAX(2,0,2) per-county baseline",,,FAILED: All arrays must be of the same length,0.0,,,,,
"B1 SARIMAX(2,0,2) per-county baseline",2.3022703859619344e+80,1.4476635493942938e+78,2.126772082630657e+80,2.1649577551830728e+80,2.3216585437971768e+80,2.59569316223683e+80,2.0549187285539042e+80,1191076600037961382591851001460834955839784769145536512.00000 192632746638343931347490874987913300804632576.00000 513729682138475947545499723444786648173828391376944677968926435957056122342342656.00000 65469.46180 136458192161879942872791149350333147062576382419664896.00000,9.0
"B1 SARIMAX(2,0,2) per-county baseline",0.0277509304425824,0.0074519544984389,0.02809373160475289,0.0279655239527306,0.0274545700375176,0.0274898961753286,0.0099243171832398,0.03715 0.02104 0.01925 0.03794 0.01353,10.0
H1 hurdle-gated bi-encoder (S62 loss),0.0097621064085021,0.0026940568968989,0.01144355432915004,0.0105309733226792,0.0089277193798068,0.0081461786023725,0.0030749878581282,0.00623 0.00609 0.01439 0.00895 0.01056,127.0
H2 hurdle-gated + occurrence BCE 0.1,0.009681346002506,0.0027043939287381,0.011292023340873867,0.0103404719687066,0.0089321015824312,0.0081607871180125,0.0028472312239575,0.00681 0.00633 0.01430 0.00883 0.00990,130.0
T1 transductive multi-origin (test counties' own 72h),0.0099222359194973,0.0028327502901934,0.011471541832884373,0.0106735055562225,0.0090209366559821,0.0085229596329001,0.0029003922857514,0.00740 0.00678 0.01468 0.00791 0.01049,477.0
R8 non-recursive stock-flow (gross flows),0.0198641304177567,0.0054963695615842,0.02030049507691562,0.0200489472747798,0.019608220373398,0.0194988589459336,0.0091037737231135,0.01470 0.00915 0.01569 0.03524 0.01315,14.0
R8b non-recursive stock-flow (fraction restore),0.0102982264274484,0.0028551660247819,0.01213221157517029,0.0113060763599906,0.0092744682975507,0.0084801494770821,0.0031756480414572,0.00791 0.00731 0.01512 0.00682 0.01168,13.0
A1 S62 8 seeds,0.0088266374820194,0.0025468090066432,0.01027836410895844,0.0094640203357449,0.0081570503180189,0.0074071151653556,0.0022026574008884,0.00614 0.00631 0.01202 0.00846 0.00972,346.0
A2 S62 + TTA 4 views,0.0089956469106623,0.0025687450713619,0.010352310363687334,0.0096581690470925,0.0083476513396493,0.0076244568922202,0.0019100580996036,0.00725 0.00626 0.01176 0.00910 0.00953,152.0
A2b S62 + TTA 8 views,0.0089943281269356,0.0025652890064306,0.01038157201622578,0.0096527202056786,0.0083231391841405,0.0076198811016975,0.0019153836242787,0.00725 0.00626 0.01178 0.00904 0.00954,152.0
A3 S62 + snapshot ensemble (cosine restarts),0.0086882026665756,0.0024978683709821,0.010093777453856987,0.009271456272369,0.008058444821035,0.0073291321190415,0.0021820287784265,0.00623 0.00610 0.01186 0.00808 0.00971,303.0
A4 S62 + county loss weight g=0.25,0.0090209190077547,0.0026792093851676,0.01050336107432771,0.0096923780511321,0.0083059816996686,0.0075819552058906,0.0024080595709892,0.00627 0.00624 0.01271 0.00851 0.00966,212.0
A4b S62 + county loss weight g=0.50,0.0091845634984944,0.0028227544788673,0.010723867526650917,0.0098802128263376,0.0084405075628787,0.0076936660781104,0.0023006906379318,0.00641 0.00643 0.01250 0.00911 0.00996,209.0
A5 S62 + exact-metric hour weights,0.0088808821483037,0.0025257397750099,0.010311108484467693,0.009606550296404,0.0082355997320795,0.0073702700802636,0.0020341810488822,0.00655 0.00628 0.01176 0.00897 0.00958,169.0
A7 S62 + channel-dropout augmentation,0.008940913974541,0.002582572310721,0.010386816825156268,0.0095765800861449,0.0082426102717658,0.0075576487150971,0.0021914955412817,0.00654 0.00634 0.01230 0.00848 0.00961,143.0
A7b S62 + hour-block dropout augmentation,0.0089346508013112,0.0025532756714593,0.010362225753172622,0.0095863253038921,0.0082447818575151,0.0075452702906649,0.0021695606369321,0.00676 0.00632 0.01226 0.00814 0.00976,170.0
A8 S62 + prefix-truncation augmentation,0.0093391314768468,0.0026507650171759,0.010784015048376143,0.0101176741019253,0.0086545688795016,0.0078002678775844,0.0021103343958405,0.00730 0.00645 0.01250 0.00963 0.00951,214.0
A9 multi-origin 47/71/103 (lull origin),0.0096042212227551,0.0031490272802027,0.011372675660560475,0.0102414285855359,0.0087068396301058,0.0080959410148183,0.0020897048940238,0.00777 0.00711 0.01312 0.00954 0.00923,557.0
A9b multi-origin 71/103,0.0098412246192327,0.0032634186562217,0.01194713174952868,0.010586846920836,0.0088368815602847,0.0079940382462814,0.0020698715393884,0.00810 0.00719 0.01321 0.00933 0.01012,683.0
A9c multi-origin 47/59/71/103,0.0099692623391182,0.0033785640293083,0.011620036096067647,0.0106177844520854,0.009085723112044,0.0085535056962759,0.0022954248852852,0.00757 0.00729 0.01369 0.00981 0.01008,958.0
A9d multi-origin 47/71/127 (wave-2 origin),0.0097316610063595,0.0031747800879972,0.01155129850118503,0.0104332619117351,0.0087740100211368,0.0081680735913812,0.0022376544043664,0.00724 0.00708 0.01322 0.00983 0.00991,1375.0
A10 trailing-window multi-origin 47/59/71 (control),,,"FAILED: Expected state_dict to be dict-like, got <class 'NoneType'>.",33.0,,,,,
A10b trailing-window 47/71/103 (lull origin),,,"FAILED: Expected state_dict to be dict-like, got <class 'NoneType'>.",33.0,,,,,
A10c trailing-window 47/59/71/103,,,"FAILED: Expected state_dict to be dict-like, got <class 'NoneType'>.",37.0,,,,,
A10d trailing-window 71/103,,,"FAILED: Expected state_dict to be dict-like, got <class 'NoneType'>.",15.0,,,,,
A11 snapshot + exact-metric weights,0.0086949692595474,0.0024899085245291,0.010131138126894831,0.0092875694554699,0.0080499802622923,0.0073111891935327,0.0022003225232014,0.00621 0.00607 0.01189 0.00810 0.00971,880.0
"M1 stock-flow MC rollout, teacher-forced",0.0106727279596016,0.0029649582944829,0.01288720687464421,0.0119364310360242,0.0095545470598544,0.0083127268678836,0.0029096341045109,0.00783 0.00723 0.01537 0.00959 0.01110,157.0
"M1b stock-flow MC rollout, DAgger-1",0.0105188610557163,0.0029101929645338,0.012372983275607336,0.0115067212038399,0.0096252349305786,0.0085705048128395,0.00305940927461,0.00836 0.00693 0.01524 0.00794 0.01172,272.0
"M1c MC damage only, deterministic restore",0.0103904954854819,0.0030043193989593,0.012630325737470527,0.0116678859781747,0.0092100226019598,0.0080537476243227,0.0026976873923668,0.00777 0.00694 0.01468 0.01003 0.01045,205.0
"M1d MC teacher-forced, 64 paths",0.0108359061809436,0.0029978285770117,0.013069452407811214,0.0121081350980225,0.0096706238165026,0.0084954134014382,0.0028690614463443,0.00813 0.00739 0.01544 0.00966 0.01140,162.0
"A3x25 snapshot ensemble, 25 seeds",0.0086206223188809,0.0024708530647594,0.01015773960968883,0.0092287812601415,0.0078986049565444,0.0071973634491488,0.0021794179801941,0.00636 0.00595 0.01187 0.00790 0.00954,9244.0
"A11x25 snapshot + exact-metric, 25 seeds",0.0086337830658842,0.0024660667227104,0.010192940855293485,0.0092450832403294,0.0079008043465205,0.0071963038213937,0.0021835733787792,0.00639 0.00594 0.01190 0.00792 0.00953,8013.0
"A1x25 S62, 25 seeds",0.0089377203077304,0.0025479632940742,0.010564277866662204,0.0095810317696116,0.0081644958779851,0.0074410757166626,0.0025076672505326,0.00608 0.00609 0.01274 0.00808 0.00980,931.0
M2 cumulative-curve reformulation (integrals),0.0102539628037741,0.0031258066505493,0.0119422881684793,0.0109990491273647,0.0092969808870756,0.0087775330321769,0.003074402831241,0.00835 0.00673 0.01520 0.00752 0.01097,10.0
M3 mixture-of-trajectories K=4 + MCL,0.0098446465042374,0.0027666495793232,0.011573536373184066,0.010467426908958,0.0090056786792917,0.0083319440555158,0.0027328862029856,0.00710 0.00643 0.01420 0.00979 0.00968,493.0
M3b mixture K=8,0.0096638756535905,0.0027307418124589,0.011424832495422737,0.0103034222729784,0.0087752154287486,0.0081520324172125,0.0025976857963496,0.00728 0.00653 0.01384 0.00858 0.01021,1514.0
"M3c mixture K=4, no MCL (collapse control)",0.0093844490768395,0.0026644878705922,0.011223672607770477,0.0100189338318897,0.0084731560063962,0.0078220338613018,0.0026781884612641,0.00701 0.00623 0.01391 0.00868 0.00904,150.0
U1 sqrt-XGB + statics + true URMA field,0.0096093167039161,0.0025814300345932,0.011711649868741694,0.0104317999761559,0.0084966535746131,0.0077971633961538,0.0026100206688895,0.00692 0.00633 0.01352 0.00873 0.01053,12.0
U1b sqrt-XGB + statics + sub + URMA,0.0096904256921196,0.002539856816076,0.011812449228520459,0.0105210587237512,0.0085111918256437,0.0079170029905632,0.0026527050133202,0.00697 0.00634 0.01360 0.00867 0.01077,13.0
U1c control rerun (statics only),0.0095955813525216,0.0025101170861202,0.011745682420778124,0.0104538290667811,0.0083959438837469,0.0077868700387805,0.002542246467475,0.00712 0.00628 0.01330 0.00858 0.01069,10.0
"F1 independent-agent features (pre-event frag, clocks, interactions, veer)",,,FAILED: 'wind_sin',1.0,,,,,
"F1 independent-agent features (pre-event frag, clocks, interactions, veer)",,,FAILED: 'wind_sin',1.0,,,,,
"F1 independent-agent features (pre-event frag, clocks, interactions, veer)",0.0093820133371644,0.0025305868921778,0.011554952967337734,0.0101949979689588,0.0082181784978665,0.0075599239144945,0.0024451300404088,0.00667 0.00662 0.01315 0.00849 0.01013,46.0
F1b clocks only,0.0096173982015382,0.0025567089774879,0.011765822678540205,0.0104777011290687,0.0084400581751632,0.0077860108233806,0.0025615393876859,0.00690 0.00631 0.01327 0.00885 0.01078,42.0
F1c pre-event fragility only,0.0097387484675709,0.0025651910326921,0.011869169859155858,0.0105898901267269,0.0085387044984206,0.0079572293859803,0.0026852486582488,0.00700 0.00633 0.01366 0.00868 0.01089,44.0
F1d interactions only,0.0093548789552109,0.0025154244212019,0.011513522926734951,0.0102011102280883,0.0082405007531067,0.0074643819129137,0.0025474088799357,0.00658 0.00632 0.01319 0.00846 0.01025,43.0
F1e veer only,0.0095411168786114,0.0025280520704339,0.011630042926965095,0.01037740121247,0.0083709135595312,0.0077861098154793,0.0025138236755347,0.00690 0.00639 0.01323 0.00868 0.01058,47.0
F2 s45 pipeline + interactions (member upgrade),0.0092975331609171,0.0025399590156694,0.011449110305886342,0.0101127632177097,0.0081649875827941,0.0074632715372783,0.002302838486343,0.00697 0.00650 0.01286 0.00850 0.00998,17.0
"FS0 base features, no selection (control)",0.0100463516833722,0.0026881207481242,0.011797716844219127,0.0107025819736619,0.0091141465123459,0.0085709614032622,0.0023644405276421,0.00843 0.00660 0.01359 0.00917 0.01084,6.0
FS1a base + corr filter,0.0101292626515072,0.0026921492931497,0.011753786430288677,0.0107373600993367,0.0093517205401874,0.0086741835362162,0.0024758225604889,0.00814 0.00666 0.01387 0.00937 0.01095,5.0
FS1b base + gain top-40,0.0100980834820447,0.0026562850455425,0.011925403770803221,0.0107443556549781,0.0090689879266352,0.0086535865757624,0.0025699347620659,0.00840 0.00659 0.01410 0.00868 0.01083,6.0
FS1c base + permutation importance,0.0103983150607293,0.0027111174786797,0.012322561486032103,0.0111424220517541,0.0092939033380909,0.00883437336704,0.0028087002093787,0.00870 0.00650 0.01490 0.00901 0.01071,11.0
FS1d base + lasso,0.0099649795644538,0.0026577071896654,0.011673058671402954,0.0104299633164065,0.0091609583735978,0.0085959378964079,0.0030766374521686,0.00734 0.00616 0.01490 0.00834 0.01053,7.0
FS1e base + shadow (Boruta-lite),0.0100868333819606,0.002642870311713,0.011874877048169762,0.0107064856344721,0.0090870618459746,0.0086789089992258,0.0026272326805808,0.00820 0.00654 0.01421 0.00878 0.01075,9.0
FS2a full FE + corr filter,0.0099395790434319,0.0026227031342976,0.011742916946916225,0.010584577247662,0.0090283067489547,0.0084025152301946,0.002686436939685,0.00760 0.00659 0.01403 0.00842 0.01102,7.0
FS2b full FE + gain top-40,0.0094448611844228,0.0025481139099,0.011655560350127615,0.0103095080590093,0.0082160762896549,0.0075983000388996,0.0023864746042158,0.00679 0.00666 0.01313 0.00881 0.01005,9.0
FS2c full FE + permutation importance,0.0093485432679406,0.0025314805828272,0.011407158914371272,0.0101113786904576,0.0082429356295957,0.0076326998373378,0.0022964191699219,0.00721 0.00640 0.01278 0.00837 0.01032,14.0
FS2d full FE + lasso,0.0101227245980915,0.0026870661828514,0.011833843808627712,0.0107324494977608,0.0092967243725902,0.0086278807133875,0.0024324397388026,0.00852 0.00659 0.01382 0.00916 0.01086,10.0
FS2e full FE + shadow (Boruta-lite),0.0093392518697608,0.0025030894994934,0.011435212429116307,0.0101665129607627,0.0082258063376515,0.0075294757515128,0.0022937714568983,0.00703 0.00656 0.01276 0.00833 0.01037,13.0
F3 f2 + winter-hazard load features,0.0096783001716722,0.0025699811713081,0.011852732834648506,0.0104979606150305,0.0085089291097975,0.0078535781272124,0.0027310304705875,0.00678 0.00658 0.01399 0.00858 0.01031,172.0
N1b NCL K=4 lam=0.3,0.0091953316104149,0.0026238770300933,0.010801486425040873,0.009848576711378,0.0083742780028197,0.0077569853024212,0.0027035850988606,0.00630 0.00600 0.01345 0.00844 0.00966,7029.0
N1c NCL K=4 lam=0.6,0.0111134343770189,0.0033889589537226,0.013533341804964297,0.0120324786105272,0.0097564514721918,0.0091314656203924,0.0029743537950361,0.00833 0.00777 0.01594 0.00947 0.01173,2134.0
"N2 anti-corr vs shipped ensemble, lam=0.5",0.0120873780431293,0.0034667834818657,0.014343198304911335,0.0132062280031687,0.0109211857517007,0.0098789001127365,0.0039490918586711,0.00702 0.00724 0.01763 0.01278 0.01224,968.0
N2b anti-corr lam=1.0,0.0118678261182211,0.0033974888940605,0.014360696422311263,0.0129792564594054,0.0106024764742885,0.0095288751168794,0.0041467244758743,0.00844 0.00718 0.01878 0.00910 0.01189,1337.0
B2 cluster-VAR (2025 2nd-place analog),0.0222264826398769,0.0090552809919768,0.02270623247816266,0.022244989898214,0.0216023097673988,0.0223523984157321,0.0029193697457057,0.01774 0.02379 0.02614 0.02236 0.02001,3.0
B3 geo-temporal adjacency GNN (2025 3rd-place analog),0.0093227434639806,0.0026521729503464,0.011122301711307427,0.0100811066727413,0.0084168314487081,0.0076707340231655,0.0027946137411641,0.00653 0.00614 0.01388 0.00820 0.00964,654.0
B2b cluster-VARX direct form (adapted to 2026 regime),0.0111315562693978,0.0038842783490242,0.01291895650871765,0.012037808766475,0.0100857518147507,0.0094837079876477,0.0031754188752844,0.00813 0.00765 0.01617 0.00914 0.01216,2.0
F4 f2 + decay-modifier interactions,0.0094098026976566,0.0025248739212399,0.01173188092810037,0.0102380805717371,0.0081672613619564,0.0075019879288324,0.0023673897726494,0.00713 0.00640 0.01287 0.00835 0.01056,9.0
RT1 ray-tuned bi-encoder (nested ASHA config),0.0091368204992426,0.0026695275949439,0.010837104112777642,0.0099188137664923,0.0082936621255218,0.0074977019921787,0.0026248277866765,0.00659 0.00620 0.01347 0.00800 0.00938,183.0
RT2 ray-tuned on the true metric (nested),0.0093921637594138,0.0026561971457997,0.011197884001232632,0.0102619643469813,0.0085056527709066,0.0076031539185349,0.0026407366654375,0.00613 0.00613 0.01312 0.00948 0.01008,159.0
RT3 optuna-TPE on the true metric (nested),0.0091633553488396,0.0026275158519871,0.010819045724120256,0.0098757977888789,0.0083347450155612,0.0076238328667982,0.0024449952718821,0.00678 0.00652 0.01323 0.00806 0.00948,200.0
RT4 optuna-tuned f2 XGB config,0.0092897154007836,0.0024664326351672,0.011286455158343887,0.0100232224755298,0.0082141447777264,0.0076350391915342,0.0024652516605829,0.00677 0.00632 0.01309 0.00834 0.01006,16.0
K1 kernel-ridge functional output (sqrt),0.0101741320809897,0.0026431564340826,0.012993333301512519,0.0113032652881607,0.0085219173522488,0.0078780123820367,0.0030813408679431,0.00614 0.00637 0.01443 0.01069 0.01034,64.0
K1b kernel-ridge functional output (raw),0.0102462124654647,0.0035287382428614,0.01272623459720395,0.0112248560437289,0.0088222443034523,0.0082115149174736,0.0027001557783906,0.00650 0.00753 0.01412 0.01004 0.01111,53.0
D1 MLP on the f2 feature set,0.0099849991316995,0.0025444078555771,0.011760966234822286,0.0110102112358361,0.0088728277684108,0.008295991287729,0.0030106743863535,0.00653 0.00620 0.01446 0.00959 0.01050,17.0
D2 Chebyshev-KAN on the f2 feature set,0.0109168997298305,0.0038268369134976,0.014058052368470802,0.0121693370245547,0.0091214536520145,0.008318755874282,0.0029493101478692,0.00819 0.00711 0.01557 0.01003 0.01135,19.0
D3 TabNet on the f2 feature set,0.0098920148198071,0.0024996154779993,0.011406611029449126,0.0105310491465093,0.0090232832708011,0.0086071158324691,0.0031951076329118,0.00711 0.00651 0.01503 0.00736 0.01069,120.0
D4 FT-Transformer on the f2 feature set,0.0100739159009431,0.0026225032870327,0.01173467029030498,0.0108388196352612,0.0092103812920396,0.0085117923861668,0.0033404549366101,0.00623 0.00648 0.01541 0.00891 0.01036,15525.0
"D5 proper B-spline KAN (quantile inputs, base residual)",,,FAILED: view size is not compatible with input tensor's size and stride (at least one dimension spans across two contiguous subspaces). Use .reshape(...) instead.,23.0,,,,,
"D5 proper B-spline KAN (quantile inputs, base residual)",0.0105908269399344,0.0030103694446913,0.013288671050146594,0.0116273263198762,0.00907710867718,0.0083702017125346,0.0032434492910202,0.00706 0.00654 0.01559 0.01010 0.01085,772.0
"X1 s39 cross-county attention, 25 seeds",0.0095769052165685,0.0030321231725232,0.011685070617171814,0.010330124596468,0.0085727959595164,0.0077196296931177,0.0023599990207789,0.00718 0.00638 0.01308 0.00968 0.00995,3770.0
"X2 s40 multi-origin, 25 seeds",0.0095880221458815,0.0030320351210617,0.011451282371262094,0.0102321675317944,0.0086338800821226,0.0080347585983469,0.0025515746291705,0.00638 0.00646 0.01315 0.01007 0.01005,3963.0
"X3 i11 storm-jitter, 25 seeds",0.0089816717095085,0.0027779279893937,0.010526482295119231,0.0097877571674578,0.0081920584441081,0.007420388931349,0.0019340801047848,0.00803 0.00619 0.01215 0.00848 0.00888,11364.0
"X4 s35 mixup, 25 seeds",0.0091157022770655,0.0029523537752599,0.010549415063989874,0.0098323643360579,0.0084396186105512,0.0076414110976629,0.0016532520171688,0.00783 0.00758 0.01200 0.00792 0.00938,8176.0
X5 i11 storm-jitter + snapshot ensembling,0.009112198527652,0.0028909197274063,0.01080080535517504,0.0098523499731281,0.00823638680513,0.0075592519771749,0.0016350828192868,0.00810 0.00712 0.01185 0.00816 0.00945,540.0
X6 s35 mixup + snapshot ensembling,0.0090197704857631,0.0029901290333846,0.01082256663545373,0.0098325916323646,0.0081823168830654,0.0072416067921687,0.0018400017724217,0.00723 0.00740 0.01215 0.00786 0.00939,553.0
"X7 i11 storm-jitter, 25 seeds x 4 snapshots",0.00892279282879,0.0028397658621326,0.010606254698651283,0.0096725700658535,0.0081130253115707,0.0072993212390846,0.001832062688323,0.00795 0.00622 0.01178 0.00825 0.00932,4515.0
"X8 s35 mixup, 25 seeds x 4 snapshots",0.0090506497553077,0.0030108499621442,0.010805277001784245,0.009810740057551,0.0082682899954598,0.0073182919664357,0.0017174868889418,0.00768 0.00721 0.01198 0.00806 0.00936,4530.0
X9 s51 dual-loss + snapshot ensembling,0.0088382107571955,0.0025475864211418,0.010140524082771746,0.0094053888761164,0.008259973727387,0.0075469563425067,0.002391196046131,0.00604 0.00625 0.01239 0.00787 0.00989,246.0
"X10 s51 dual-loss, 25 seeds",0.0092448996860544,0.0026198788552883,0.01072943556418929,0.0098864515727987,0.0085390548521917,0.0078246567550378,0.0028042479276915,0.00622 0.00616 0.01369 0.00799 0.00985,888.0
TS1 DLinear-KF (Zeng AAAI 2023 + known-future),0.0879907179239321,0.0063839033897305,0.13170252002192426,0.1266280646526487,0.0655575141374514,0.0280747728837041,0.0724797941969086,0.19413 0.00819 0.01583 0.01715 0.01126,5.0
TS2 PatchTST-KF (Nie ICLR 2023 + known-future patches),0.0254993931264355,0.0036129315095965,0.03682653225025823,0.0329758374466603,0.0162493151945897,0.015945887614234,0.0173731835553126,0.05284 0.00663 0.01427 0.00855 0.01000,1172.0
TS3 iTransformer-KF (Liu ICLR 2024 + known-future variates),0.0579692469305067,0.0051783903061411,0.06980683637565545,0.0645748350351222,0.0475338210507073,0.049961495260542,0.047069843671225,0.12762 0.00666 0.01467 0.00849 0.01070,85.0
TS1b DLinear-KF winsorised (Zeng AAAI 2023 + known-future),0.012039950008057,0.0033678344838233,0.015132389764193855,0.0129568481856847,0.0103323358242491,0.0097382262581002,0.0029198262406111,0.01306 0.00799 0.01626 0.00921 0.01171,8.0
TS2b PatchTST-KF winsorised (Nie ICLR 2023 + known-future patches),0.0095094777063045,0.0029098335779164,0.01178447190185967,0.0105548440136456,0.0083395435000316,0.0073590514096814,0.0027556533318247,0.00642 0.00645 0.01388 0.00865 0.00998,941.0
TS3b iTransformer-KF winsorised (Liu ICLR 2024 + known-future variates),0.010234987664274,0.0031470545672785,0.012561318599396937,0.0113429739628747,0.0089264353638485,0.008109222730976,0.002979065953057,0.00670 0.00672 0.01466 0.00974 0.01108,67.0
TS2c PatchTST-KF + metric hour weights,0.0095174804630382,0.0029127414021845,0.011732309016325,0.010541746970843,0.0084190743369308,0.0073767915280542,0.0028377858741342,0.00619 0.00626 0.01385 0.00882 0.01017,1404.0
TS2d PatchTST-KF + exact metric Jacobian,0.009536561398572,0.0029007908704637,0.011785381876162156,0.0105624262313243,0.0084078601754571,0.0073905773113444,0.0028070381546963,0.00621 0.00635 0.01383 0.00892 0.01014,1392.0
X9w s51 + snapshots + metric hour weights,0.0089105590250423,0.0025141985898537,0.010468901546615351,0.0095756309465274,0.008189382857701,0.0074083207493253,0.0024303313510051,0.00602 0.00626 0.01257 0.00812 0.00979,487.0
I11w i11 storm augmentation + metric hour weights,0.0090900897109783,0.0027642536667341,0.0106195609485938,0.0098920849528948,0.0082864146972434,0.0075622982451811,0.0017872857418876,0.00753 0.00688 0.01206 0.00900 0.00897,2886.0
S35w s35 mixup + metric hour weights,0.009295981300454,0.0030230241734378,0.010931529941555424,0.0100910331310838,0.0084865141116126,0.0076748480175641,0.0018369355799656,0.00829 0.00736 0.01225 0.00755 0.01002,1605.0
SX1 XLinear-KF (Ma 2026; gated MLP with exogenous routing),0.0111157593781558,0.0034941422154846,0.01360975400148372,0.0121070732474604,0.0097484438851803,0.0089977663784987,0.0030465356711906,0.00797 0.00735 0.01593 0.01070 0.01131,28.0
SX2 TSMixer-Ext-KF (Chen 2023; align + conditional feature mixing),0.0097662448020937,0.0029413678072081,0.011930797797804068,0.0106404229761771,0.0085694823773802,0.0079242760570136,0.0028268003112705,0.00633 0.00656 0.01410 0.00971 0.00991,165.0
"SX3 CondFlow-KF (conditional affine-coupling flow, sample-mean forecast)",0.0098930888534297,0.0025960768718425,0.01179145257510238,0.0107070972022024,0.0088877297556202,0.0081860758807937,0.003290531187912,0.00654 0.00649 0.01516 0.00773 0.01065,132.0
SX4 TimeXer-KF (Wang NeurIPS 2024; global-token cross-attention to future variates),0.0108222908414543,0.0031213549230048,0.013344727877311986,0.0119281318234092,0.009374099185157,0.0086422044799391,0.0030545126241257,0.00725 0.00725 0.01542 0.01014 0.01167,89.0
S39w s39 cross-county + metric hour weights,0.0094375277739853,0.0031042228491382,0.011897820830376308,0.0103095443022285,0.008152458497422,0.0073902874659145,0.0020673573756631,0.00752 0.00681 0.01273 0.00901 0.00980,415.0
"X11 i11w metric-weighted, 25 seeds",0.0088608202237083,0.0026770517910549,0.010389622212192823,0.0096184898584108,0.0080901575431854,0.0073450112810444,0.001974720812206,0.00745 0.00623 0.01212 0.00834 0.00895,46520.0
Y5 p1b @ 25 seeds,0.0104155109719141,0.0043393021543757,0.012256483143334643,0.0113499865717482,0.0094875234067483,0.0085680507658251,0.002368204355325,0.00865 0.00732 0.01415 0.00928 0.01116,742.0
Y6 p1c @ 25 seeds,0.0108107277155573,0.0037112548813571,0.012879102178107104,0.0119839873219382,0.0097543581734317,0.0086254631887522,0.0022498048868499,0.00969 0.00753 0.01442 0.00999 0.01096,349.0
Y7 r6corr @ 25 seeds,0.0108307863074904,0.0044843302196716,0.012883995918278214,0.0120199636780882,0.0098612992160073,0.0085578864175878,0.0022942179919939,0.00917 0.00770 0.01436 0.00986 0.01169,787.0
Y4 f2 @ 25 seeds,0.0092979650183689,0.0024819078728086,0.011467071829458492,0.0101096879860129,0.0081568465214442,0.00745825373656,0.0024595729800246,0.00664 0.00635 0.01299 0.00844 0.01018,281.0
Y1 x9 (s51+snapshots) @ 25 seeds,0.008902543878176,0.0025453502585387,0.010245702914232905,0.0095062048605097,0.0082821538456929,0.0075761138922684,0.0025188073906961,0.00620 0.00600 0.01280 0.00792 0.00968,5859.0
Y2 ts2c @ 25 seeds,0.0094659485387476,0.0027802540914636,0.0116345982110371,0.0104496838231623,0.0083348414810516,0.0074446706397395,0.002989798448417,0.00586 0.00620 0.01411 0.00868 0.00987,9042.0
Y3 s35w @ 25 seeds,0.0089902618463992,0.0028525434157379,0.010656178028595776,0.0097369798542587,0.0081849349544687,0.0073829545482738,0.001958626975279,0.00710 0.00700 0.01227 0.00797 0.00942,15214.0
R6corr stock-flow + two nested flow-bias scalars,0.010899797412451416,0.0046243112910730865,0.012836738641674192,0.012030522098512667,0.009992701366267922,0.008739227543350879,,,
