code,name,family,mechanism,objective,rmse_mean,rmse_t01h,rmse_t06h,rmse_t24h,rmse_t48h,mae_mean,secs,shipped,rank
F2,s45 pipeline + interactions (member upgrade),F1 signal,boosted / bagged trees,sqrt target,0.0092975331609171,0.011449110305886342,0.0101127632177097,0.0081649875827941,0.0074632715372783,0.0025399590156694,17.0,True,41
FS2e,full FE + shadow (Boruta-lite),F1 signal,boosted / bagged trees,plain squared error,0.0093392518697608,0.011435212429116307,0.0101665129607627,0.0082258063376515,0.0075294757515128,0.0025030894994934,13.0,False,48
FS2c,full FE + permutation importance,F1 signal,boosted / bagged trees,plain squared error,0.0093485432679406,0.011407158914371272,0.0101113786904576,0.0082429356295957,0.0076326998373378,0.0025314805828272,14.0,False,49
F1d,interactions only,F1 signal,boosted / bagged trees,sqrt target,0.0093548789552109,0.011513522926734951,0.0102011102280883,0.0082405007531067,0.0074643819129137,0.0025154244212019,43.0,False,50
F1,"independent-agent features (pre-event frag, clocks, interactions, veer)",F1 signal,boosted / bagged trees,sqrt target,0.0093820133371644,0.011554952967337734,0.0101949979689588,0.0082181784978665,0.0075599239144945,0.0025305868921778,46.0,False,52
F4,f2 + decay-modifier interactions,F1 signal,boosted / bagged trees,sqrt target,0.0094098026976566,0.01173188092810037,0.0102380805717371,0.0081672613619564,0.0075019879288324,0.0025248739212399,9.0,False,57
S45,sub-county gust heterogeneity,F1 signal,Seq2Seq (GRU),plain squared error,0.0094219161358175,0.011483463082382286,0.0102273243543437,0.0083192191059177,0.0076576580006263,0.0025229620563707,8.0,False,59
FS2b,full FE + gain top-40,F1 signal,boosted / bagged trees,plain squared error,0.0094448611844228,0.011655560350127615,0.0103095080590093,0.0082160762896549,0.0075983000388996,0.0025481139099,9.0,False,63
S46b,sub-county scoring-aligned bi-enc,F1 signal,BiEncSeq2Seq,plain squared error,0.0095139030452134,0.011294459773618822,0.0101145998240837,0.00865523164538,0.0079913209377713,0.0030674149125704,133.0,False,69
E4,sqrt-XGB + EIA meters + elev_range,F1 signal,boosted / bagged trees,sqrt target,0.0095355602115589,0.011662712801702961,0.0103533254246904,0.0083897384277921,0.0077364641920501,0.0025528433117703,16.0,False,71
F1e,veer only,F1 signal,boosted / bagged trees,sqrt target,0.0095411168786114,0.011630042926965095,0.01037740121247,0.0083709135595312,0.0077861098154793,0.0025280520704339,47.0,False,73
S60d,sqrt-XGB + statics + sub-county,F1 signal,boosted / bagged trees,sqrt target,0.0095626421657906,0.011612673297483823,0.0104151999588495,0.0084250986655771,0.0077975967412519,0.0025345078368763,26.0,False,76
S47,BiGRU + external county data,F1 signal,Seq2Seq (GRU),plain squared error,0.0095629151700463,0.011155805382683267,0.0101382888980836,0.0088038418897418,0.0081537245096764,0.0030949306343353,130.0,False,77
S46,sub-county bi-encoder,F1 signal,Seq2Seq (GRU),plain squared error,0.0095778017554356,0.011129081525982493,0.0101268294299947,0.008810529762806,0.0082447663029594,0.0031325361511988,128.0,False,80
E4c,sqrt-XGB + HIFLD transmission,F1 signal,boosted / bagged trees,sqrt target,0.0095799995783885,0.01172271853005361,0.0103728566852844,0.0084337293108239,0.0077906937873921,0.0025652964030429,12.0,False,81
S60b,sqrt-XGB + statics,F1 signal,boosted / bagged trees,sqrt target,0.0095955813525216,0.011745682420778124,0.0104538290667811,0.0083959438837469,0.0077868700387805,0.0025101170861202,25.0,False,83
U1c,control rerun (statics only),F1 signal,boosted / bagged trees,sqrt target,0.0095955813525216,0.011745682420778124,0.0104538290667811,0.0083959438837469,0.0077868700387805,0.0025101170861202,10.0,False,83
U1,sqrt-XGB + statics + true URMA field,F1 signal,boosted / bagged trees,sqrt target,0.0096093167039161,0.011711649868741694,0.0104317999761559,0.0084966535746131,0.0077971633961538,0.0025814300345932,12.0,False,88
F1b,clocks only,F1 signal,boosted / bagged trees,sqrt target,0.0096173982015382,0.011765822678540205,0.0104777011290687,0.0084400581751632,0.0077860108233806,0.0025567089774879,42.0,False,90
S61,+ spatial storm-exposure summaries,F1 signal,boosted / bagged trees,sqrt target,0.0096221938049309,0.011708381618364386,0.0104159635490967,0.0084978836480142,0.0078665464042484,0.0025588230719129,32.0,False,91
E4b,sqrt-XGB + 4 sanctioned cols,F1 signal,boosted / bagged trees,sqrt target,0.0096245816300072,0.01179660700359305,0.0104573445063281,0.0084423573054384,0.0078020177046692,0.0025423874410153,14.0,False,92
S45,sub-county gust heterogeneity,F1 signal,Seq2Seq (GRU),plain squared error,0.0096253258510924,0.011668792878631746,0.0104137316421468,0.0085143469491303,0.0079044319344609,0.0025526562374342,8.0,False,93
S47b,BiGRU + ext + scoring-aligned,F1 signal,BiEncSeq2Seq,plain squared error,0.0096322938217849,0.011392670092706138,0.0102461315824298,0.0087633782448052,0.0081269953671984,0.0030821223981845,106.0,False,94
F3,f2 + winter-hazard load features,F1 signal,boosted / bagged trees,sqrt target,0.0096783001716722,0.011852732834648506,0.0104979606150305,0.0085089291097975,0.0078535781272124,0.0025699811713081,172.0,False,98
U1b,sqrt-XGB + statics + sub + URMA,F1 signal,boosted / bagged trees,sqrt target,0.0096904256921196,0.011812449228520459,0.0105210587237512,0.0085111918256437,0.0079170029905632,0.002539856816076,13.0,False,100
F1c,pre-event fragility only,F1 signal,boosted / bagged trees,sqrt target,0.0097387484675709,0.011869169859155858,0.0105898901267269,0.0085387044984206,0.0079572293859803,0.0025651910326921,44.0,False,106
E4d,ExtraTrees + EIA meters + elev,F1 signal,boosted / bagged trees,sqrt target,0.0097446604451515,0.011699645221681659,0.0104417062260759,0.0086773121056447,0.0081599782272038,0.0024734893955339,37.0,False,107
S61b,ExtraTrees + all tabular info,F1 signal,boosted / bagged trees,sqrt target,0.009758178531275,0.011666977768735777,0.0104126497550384,0.0087159887967943,0.0082370978045317,0.002450872571203,96.0,False,108
I08,transductive pretraining,F1 signal,Seq2Seq (GRU),plain squared error,0.0098428794441185,0.012185051059285235,0.0106521660304262,0.0085674289881507,0.0079668716986119,0.0032178377060254,201.0,False,114
T1,transductive multi-origin (test counties' own 72h),F1 signal,Seq2Seq (GRU),plain squared error,0.0099222359194973,0.011471541832884373,0.0106735055562225,0.0090209366559821,0.0085229596329001,0.0028327502901934,477.0,False,120
FS2a,full FE + corr filter,F1 signal,boosted / bagged trees,plain squared error,0.0099395790434319,0.011742916946916225,0.010584577247662,0.0090283067489547,0.0084025152301946,0.0026227031342976,7.0,False,123
FS1d,base + lasso,F1 signal,boosted / bagged trees,plain squared error,0.0099649795644538,0.011673058671402954,0.0104299633164065,0.0091609583735978,0.0085959378964079,0.0026577071896654,7.0,False,125
S60,"sqrt-XGB base (no statics, no sub)",F1 signal,boosted / bagged trees,sqrt target,0.0100463516833722,0.011797716844219127,0.0107025819736619,0.0091141465123459,0.0085709614032622,0.0026881207481242,19.0,False,130
FS0,"base features, no selection (control)",F1 signal,boosted / bagged trees,plain squared error,0.0100463516833722,0.011797716844219127,0.0107025819736619,0.0091141465123459,0.0085709614032622,0.0026881207481242,6.0,False,130
FS1e,base + shadow (Boruta-lite),F1 signal,boosted / bagged trees,plain squared error,0.0100868333819606,0.011874877048169762,0.0107064856344721,0.0090870618459746,0.0086789089992258,0.002642870311713,9.0,False,135
FS1b,base + gain top-40,F1 signal,boosted / bagged trees,plain squared error,0.0100980834820447,0.011925403770803221,0.0107443556549781,0.0090689879266352,0.0086535865757624,0.0026562850455425,6.0,False,136
FS2d,full FE + lasso,F1 signal,boosted / bagged trees,plain squared error,0.0101227245980915,0.011833843808627712,0.0107324494977608,0.0092967243725902,0.0086278807133875,0.0026870661828514,10.0,False,137
FS1a,base + corr filter,F1 signal,boosted / bagged trees,plain squared error,0.0101292626515072,0.011753786430288677,0.0107373600993367,0.0093517205401874,0.0086741835362162,0.0026921492931497,5.0,False,138
S60c,sqrt-XGB + sub-county,F1 signal,boosted / bagged trees,sqrt target,0.010159656443135,0.011887247786850831,0.0107300240386865,0.0092265332434453,0.0087948207035574,0.0026574582248981,22.0,False,139
FS1c,base + permutation importance,F1 signal,boosted / bagged trees,plain squared error,0.0103983150607293,0.012322561486032103,0.0111424220517541,0.0092939033380909,0.00883437336704,0.0027111174786797,11.0,False,154
S41,RAFT retrieved analogs,F1 signal,other / statistical,plain squared error,0.0104486789475607,0.012266760639784111,0.0110934050506156,0.0095528872564914,0.0088816628433517,0.0033413100484588,160.0,False,159
S41,RAFT retrieved analogs,F1 signal,other / statistical,plain squared error,0.0104486789475607,0.012266760639784111,0.0110934050506156,0.0095528872564914,0.0088816628433517,0.0033413100484588,166.0,False,159
I17b,static + physics,F1 signal,Seq2Seq (GRU),plain squared error,0.0104555432661855,0.012939768026343649,0.0115908905664329,0.0090255460549917,0.0082659684169739,0.0033261995310928,17.0,False,161
I16,static enrichment,F1 signal,Seq2Seq (GRU),plain squared error,0.0104657890852973,0.012739342869951037,0.0115069112721556,0.0092017567713103,0.0084151454277723,0.0033422793992606,19.0,False,162
I17,physics indices,F1 signal,Seq2Seq (GRU),plain squared error,0.0108108353314092,0.012957331615401559,0.0117225975333146,0.0096038007481922,0.0089596114287286,0.0033610813056511,18.0,False,174
F1,"independent-agent features (pre-event frag, clocks, interactions, veer)",F1 signal,boosted / bagged trees,sqrt target,,FAILED: 'wind_sin',1.0,,,,,False,0
F1,"independent-agent features (pre-event frag, clocks, interactions, veer)",F1 signal,boosted / bagged trees,sqrt target,,FAILED: 'wind_sin',1.0,,,,,False,0
E5,2-layer bi-encoder + S62 loss,F2 mechanism,BiEncSeq2Seq,dual raw+sqrt,0.0089342366406411,0.01061615999210251,0.0096576542290193,0.0081091595216215,0.0073539728198211,0.0025708994338678,218.0,False,13
S31,bidirectional encoder,F2 mechanism,LSTM / Transformer,plain squared error,0.0090976651133266,0.010752433263037249,0.0096607670518954,0.0083714633178778,0.0076059968204959,0.0029727902260069,167.0,False,27
E3,N_t transition auxiliary head,F2 mechanism,LSTM / Transformer,plain squared error,0.0091240480892943,0.010591061632693318,0.0098371018089178,0.0084004443099045,0.0076675846056615,0.0025685165369779,161.0,False,30
I07,cross-county attention,F2 mechanism,CrossCountyNet,plain squared error,0.0093126524731402,0.01124933689802603,0.0100509141881847,0.0084294752496985,0.0075208835566517,0.0030551895367609,194.0,False,43
B3,geo-temporal adjacency GNN (2025 3rd-place analog),F2 mechanism,other / statistical,plain squared error,0.0093227434639806,0.011122301711307427,0.0100811066727413,0.0084168314487081,0.0076707340231655,0.0026521729503464,654.0,False,46
S39,cross-county self-leak fixed,F2 mechanism,CrossCountyNet,plain squared error,0.0093902233005244,0.01133377775826518,0.0101862180711307,0.0084810373676739,0.0075598600050277,0.0031416677002846,203.0,True,54
S39b,cross-county + transductive pool,F2 mechanism,CrossCountyNet,plain squared error,0.0093933769261867,0.011336942636106106,0.0101892876097423,0.0084825711630559,0.0075647062958426,0.003144447915637,196.0,False,56
E2,Transformer + dual raw/sqrt,F2 mechanism,LSTM / Transformer,plain squared error,0.0094975303430636,0.011258414054718401,0.0103136623619726,0.0085274844591504,0.0078905604964131,0.0027208475538664,572.0,False,67
TS2b,PatchTST-KF winsorised (Nie ICLR 2023 + known-future patches),F2 mechanism,patch / variate attention,plain squared error,0.0095094777063045,0.01178447190185967,0.0105548440136456,0.0083395435000316,0.0073590514096814,0.0029098335779164,941.0,False,68
S30,LSTM seq2seq,F2 mechanism,LSTM / Transformer,plain squared error,0.0095474456953333,0.011460961699018904,0.0103053377452604,0.0085679902791607,0.0078554930578934,0.0030117262852363,128.0,False,74
S43,bagged bi-encoder (county subsets),F2 mechanism,BiEncSeq2Seq,plain squared error,0.0095687947171773,0.01123178239144499,0.0101111680798031,0.0087278606595043,0.0082043677379567,0.0030974786946163,148.0,False,78
S29d,sqrt + XGBoost,F2 mechanism,boosted / bagged trees,plain squared error,0.0095955813525216,0.011745682420778124,0.0104538290667811,0.0083959438837469,0.0077868700387805,0.0025101170861202,8.0,False,83
S29c,sqrt + LightGBM,F2 mechanism,boosted / bagged trees,plain squared error,0.0096129022542917,0.011719900127602224,0.0104478634084734,0.0085023758961646,0.0077814695849265,0.0025542688768843,11.0,False,89
S23b,ExtraTrees,F2 mechanism,boosted / bagged trees,plain squared error,0.0096976492119338,0.011566283593244157,0.0103752224336567,0.0086768878005671,0.0081722030202674,0.0031003715726226,32.0,False,101
E1,component-GRU + S62 objective,F2 mechanism,other / statistical,plain squared error,0.0097098387564519,0.011995201172508907,0.010689079448357,0.0085234057592634,0.0076316686456784,0.0028733739436757,131.0,False,103
SX2,TSMixer-Ext-KF (Chen 2023; align + conditional feature mixing),F2 mechanism,TCN / basis / linear,plain squared error,0.0097662448020937,0.011930797797804068,0.0106404229761771,0.0085694823773802,0.0079242760570136,0.0029413678072081,165.0,False,110
I12,TFT-lite,F2 mechanism,LSTM / Transformer,plain squared error,0.0098212351505001,0.011267321679007252,0.0105243969468426,0.0092301856775213,0.0082630362986293,0.0033271833771418,143.0,False,111
S29,sqrt + ExtraTrees,F2 mechanism,boosted / bagged trees,plain squared error,0.0098737220878058,0.011803129323657202,0.0105417160268963,0.0088076540157996,0.0083423889848702,0.0024842781906436,30.0,False,116
S29b,sqrt + RandomForest,F2 mechanism,boosted / bagged trees,plain squared error,0.0098844172618149,0.011867962672632279,0.0106442464862511,0.0088306965322348,0.0081947633561413,0.0025649999654096,101.0,False,117
D3,TabNet on the f2 feature set,F2 mechanism,MLP / KAN / TabNet / FT-T,plain squared error,0.0098920148198071,0.011406611029449126,0.0105310491465093,0.0090232832708011,0.0086071158324691,0.0024996154779993,120.0,False,118
D1,MLP on the f2 feature set,F2 mechanism,MLP / KAN / TabNet / FT-T,plain squared error,0.0099849991316995,0.011760966234822286,0.0110102112358361,0.0088728277684108,0.008295991287729,0.0025444078555771,17.0,False,127
S29e,sqrt + bagged ExtraTrees,F2 mechanism,boosted / bagged trees,plain squared error,0.0099993577956639,0.012040298745515939,0.0107133406338255,0.0088800914377662,0.0083637003655481,0.002523884066342,91.0,False,128
S23,Random Forest,F2 mechanism,boosted / bagged trees,plain squared error,0.010053931985752,0.011979808351837387,0.0107832629492125,0.0090269584434413,0.0084256981985168,0.0032795757086922,133.0,False,132
D4,FT-Transformer on the f2 feature set,F2 mechanism,MLP / KAN / TabNet / FT-T,plain squared error,0.0100739159009431,0.01173467029030498,0.0108388196352612,0.0092103812920396,0.0085117923861668,0.0026225032870327,15525.0,False,133
K1,kernel-ridge functional output (sqrt),F2 mechanism,TCN / basis / linear,plain squared error,0.0101741320809897,0.012993333301512519,0.0113032652881607,0.0085219173522488,0.0078780123820367,0.0026431564340826,64.0,False,141
TS3b,iTransformer-KF winsorised (Liu ICLR 2024 + known-future variates),F2 mechanism,patch / variate attention,plain squared error,0.010234987664274,0.012561318599396937,0.0113429739628747,0.0089264353638485,0.008109222730976,0.0031470545672785,67.0,False,144
K1b,kernel-ridge functional output (raw),F2 mechanism,TCN / basis / linear,plain squared error,0.0102462124654647,0.01272623459720395,0.0112248560437289,0.0088222443034523,0.0082115149174736,0.0035287382428614,53.0,False,145
S22c,LightGBM DART,F2 mechanism,boosted / bagged trees,plain squared error,0.010246717175084,0.012592640922784205,0.0111711790772867,0.0089307964293178,0.0082922522709476,0.0031691886588969,27.0,False,146
M2,cumulative-curve reformulation (integrals),F2 mechanism,TCN / basis / linear,plain squared error,0.0102539628037741,0.0119422881684793,0.0109990491273647,0.0092969808870756,0.0087775330321769,0.0031258066505493,10.0,False,147
S21,XGBoost,F2 mechanism,boosted / bagged trees,plain squared error,0.0102806410032201,0.012187603707729474,0.0110111008104709,0.0092488698139736,0.0086749896807067,0.0033429527419115,11.0,False,149
R8b,non-recursive stock-flow (fraction restore),F2 mechanism,stock-flow state space,hurdle / two-part,0.0102982264274484,0.01213221157517029,0.0113060763599906,0.0092744682975507,0.0084801494770821,0.0028551660247819,13.0,False,150
I14,hierarchical pooling,F2 mechanism,other / statistical,plain squared error,0.0103179466660576,0.012085481331704312,0.0110349240135435,0.0095159626988874,0.0086354186200951,0.0032438159896167,70.0,False,152
S22,LightGBM,F2 mechanism,boosted / bagged trees,plain squared error,0.0104184591300551,0.012682028146707986,0.0113721166002198,0.0091743741580927,0.0084453176152,0.0033764053030926,15.0,False,156
P1b,stock-flow hurdle (no monotone),F2 mechanism,stock-flow state space,hurdle / two-part,0.0104194851670286,0.012211580813217094,0.0113567841278048,0.0095481736418575,0.0085614020852349,0.0044659781306147,18.0,True,157
S22b,LightGBM Tweedie,F2 mechanism,boosted / bagged trees,plain squared error,0.0104291802362677,0.012854267049457213,0.0111924752211989,0.0091319550371731,0.0085380236372417,0.0024935964189614,21.0,False,158
S27,feature selection top-40,F2 mechanism,boosted / bagged trees,plain squared error,0.0104685176040353,0.012780490167617776,0.0115078107492595,0.0091773535296644,0.0084084159695995,0.0034038347838987,11.0,False,163
S28,quantile-transformed features,F2 mechanism,boosted / bagged trees,plain squared error,0.0105234527930902,0.012971903496400454,0.0116702479314117,0.0091149312203551,0.0083367285241935,0.0033573467649888,27.0,False,165
S32,temporal CNN (TCN),F2 mechanism,TCN / basis / linear,plain squared error,0.0105420748655396,0.012278902159106446,0.0114122651054039,0.0095818570989551,0.008895275098693,0.0036524786032059,395.0,False,166
D5,"proper B-spline KAN (quantile inputs, base residual)",F2 mechanism,MLP / KAN / TabNet / FT-T,plain squared error,0.0105908269399344,0.013288671050146594,0.0116273263198762,0.00907710867718,0.0083702017125346,0.0030103694446913,772.0,False,167
S33,basis expansion (N-BEATS style),F2 mechanism,TCN / basis / linear,plain squared error,0.0105957304192593,0.012249860170543898,0.011438810375238,0.0097013443515114,0.0089929067797439,0.0037500913505106,33.0,False,168
S21b,XGBoost Tweedie,F2 mechanism,boosted / bagged trees,plain squared error,0.0106611400198207,0.01323273416923935,0.0116327028562392,0.0091871156306793,0.0085920074231252,0.0025448245367463,9.0,False,170
S34,physics-informed net,F2 mechanism,other / statistical,plain squared error,0.010711321722054,0.012278489013330826,0.0114608153717855,0.0099756273605682,0.0091303551425315,0.0037797071810676,126.0,False,172
SX4,TimeXer-KF (Wang NeurIPS 2024; global-token cross-attention to future variates),F2 mechanism,patch / variate attention,plain squared error,0.0108222908414543,0.013344727877311986,0.0119281318234092,0.009374099185157,0.0086422044799391,0.0031213549230048,89.0,False,175
I04,wave-conditioned cascade,F2 mechanism,other / statistical,plain squared error,0.0108594731332077,0.012696521808475745,0.0116254538144794,0.009900804221467,0.0092151126884086,0.0034607620827423,39.0,False,178
P1,stock-flow hurdle (monotone),F2 mechanism,stock-flow state space,hurdle / two-part,0.0108852232481212,0.012704396552532372,0.0118465254548771,0.0099956695930035,0.0089943013920719,0.0045254554553374,19.0,False,180
D2,Chebyshev-KAN on the f2 feature set,F2 mechanism,MLP / KAN / TabNet / FT-T,plain squared error,0.0109168997298305,0.014058052368470802,0.0121693370245547,0.0091214536520145,0.008318755874282,0.0038268369134976,19.0,False,181
S23c,Bayesian Ridge,F2 mechanism,boosted / bagged trees,plain squared error,0.0109573336671459,0.012630148443629606,0.0118485669917097,0.010016730280834,0.0093338889524102,0.0040938822024697,5.0,False,182
SX1,XLinear-KF (Ma 2026; gated MLP with exogenous routing),F2 mechanism,TCN / basis / linear,plain squared error,0.0111157593781558,0.01360975400148372,0.0121070732474604,0.0097484438851803,0.0089977663784987,0.0034941422154846,28.0,False,184
B2b,cluster-VARX direct form (adapted to 2026 regime),F2 mechanism,other / statistical,plain squared error,0.0111315562693978,0.01291895650871765,0.012037808766475,0.0100857518147507,0.0094837079876477,0.0038842783490242,2.0,False,185
S23d,ElasticNet,F2 mechanism,boosted / bagged trees,plain squared error,0.0111503950649534,0.012839756532916939,0.0120475487909266,0.0101940921077867,0.0095201828281834,0.00405748514148,12.0,False,186
I02,impulse-response (system ID),F2 mechanism,other / statistical,plain squared error,0.0112017928739989,0.012877354578563692,0.0122290390135553,0.0103624391107343,0.0093383387931424,0.0041329645906382,13.0,False,187
S42,TiDE (known-future covariates),F2 mechanism,TCN / basis / linear,plain squared error,0.01121351148137,0.013601264357087,0.0122943061131404,0.0098703980915811,0.0090880773636715,0.0038228229312374,17.0,False,188
P1,stock-flow hurdle (monotone),F2 mechanism,stock-flow state space,hurdle / two-part,0.0114770722944017,0.013506037597969856,0.0126702741915816,0.0103923006500248,0.0093396767380305,0.0038419402678054,9.0,False,192
P1c,"stock-flow, teacher-forced only",F2 mechanism,stock-flow state space,hurdle / two-part,0.0114770722944017,0.013506037597969856,0.0126702741915816,0.0103923006500248,0.0093396767380305,0.0038419402678054,9.0,True,192
P1b,stock-flow hurdle (no monotone),F2 mechanism,stock-flow state space,hurdle / two-part,0.0115770438547437,0.01354563685982773,0.0127246364311686,0.0105247816988855,0.009513120429093,0.00388384915221,8.0,True,194
P1d,"stock-flow, 3 DAgger rounds",F2 mechanism,stock-flow state space,hurdle / two-part,0.011907465829058,0.013395029932554805,0.0126361857955389,0.0111156895179814,0.0104829580701569,0.0064118689453709,38.0,False,196
TS1b,DLinear-KF winsorised (Zeng AAAI 2023 + known-future),F2 mechanism,TCN / basis / linear,plain squared error,0.012039950008057,0.015132389764193855,0.0129568481856847,0.0103323358242491,0.0097382262581002,0.0033678344838233,8.0,False,197
I03,FPCA two-stage,F2 mechanism,other / statistical,plain squared error,0.0124681817217947,0.016166682169031284,0.014224258392957,0.0104322830775395,0.0090495032476511,0.0040734016731022,5.0,False,199
R8,non-recursive stock-flow (gross flows),F2 mechanism,stock-flow state space,hurdle / two-part,0.0198641304177567,0.02030049507691562,0.0200489472747798,0.019608220373398,0.0194988589459336,0.0054963695615842,14.0,False,201
S26,county-normalized target,F2 mechanism,boosted / bagged trees,plain squared error,0.021640426109172,0.025680283024340323,0.0240786017350325,0.0228803184662338,0.0139225012110814,0.0054255195670618,16.0,False,202
B2,cluster-VAR (2025 2nd-place analog),F2 mechanism,other / statistical,plain squared error,0.0222264826398769,0.02270623247816266,0.022244989898214,0.0216023097673988,0.0223523984157321,0.0090552809919768,3.0,False,203
TS2,PatchTST-KF (Nie ICLR 2023 + known-future patches),F2 mechanism,patch / variate attention,plain squared error,0.0254993931264355,0.03682653225025823,0.0329758374466603,0.0162493151945897,0.015945887614234,0.0036129315095965,1172.0,False,204
B1,"SARIMAX(2,0,2) per-county baseline",F2 mechanism,other / statistical,plain squared error,0.0277509304425824,0.02809373160475289,0.0279655239527306,0.0274545700375176,0.0274898961753286,0.0074519544984389,10.0,False,205
S25,binned classification,F2 mechanism,boosted / bagged trees,plain squared error,0.0335253724114699,0.036950599241024944,0.0343101310063142,0.0304177404361494,0.0324230189623913,0.0061001878156784,87.0,False,206
TS3,iTransformer-KF (Liu ICLR 2024 + known-future variates),F2 mechanism,patch / variate attention,plain squared error,0.0579692469305067,0.06980683637565545,0.0645748350351222,0.0475338210507073,0.049961495260542,0.0051783903061411,85.0,False,207
TS1,DLinear-KF (Zeng AAAI 2023 + known-future),F2 mechanism,TCN / basis / linear,plain squared error,0.0879907179239321,0.13170252002192426,0.1266280646526487,0.0655575141374514,0.0280747728837041,0.0063839033897305,5.0,False,208
B1,"SARIMAX(2,0,2) per-county baseline",F2 mechanism,other / statistical,plain squared error,2.3022703859619344e+80,2.126772082630657e+80,2.1649577551830728e+80,2.3216585437971768e+80,2.59569316223683e+80,1.4476635493942938e+78,9.0,False,209
B1,"SARIMAX(2,0,2) per-county baseline",F2 mechanism,other / statistical,plain squared error,,FAILED: All arrays must be of the same length,0.0,,,,,False,0
D5,"proper B-spline KAN (quantile inputs, base residual)",F2 mechanism,MLP / KAN / TabNet / FT-T,plain squared error,,FAILED: view size is not compatible with input tensor's size and stride (at least one dimension spans across two contiguous subspaces). Use .reshape(...) instead.,23.0,,,,,False,0
A11x25,"snapshot + exact-metric, 25 seeds",F3 target,BiEncSeq2Seq,dual raw+sqrt,0.0086337830658842,0.010192940855293485,0.0092450832403294,0.0079008043465205,0.0071963038213937,0.0024660667227104,8013.0,False,2
A11,snapshot + exact-metric weights,F3 target,BiEncSeq2Seq,dual raw+sqrt,0.0086949692595474,0.010131138126894831,0.0092875694554699,0.0080499802622923,0.0073111891935327,0.0024899085245291,880.0,False,4
A5,S62 + exact-metric hour weights,F3 target,BiEncSeq2Seq,dual raw+sqrt,0.0088808821483037,0.010311108484467693,0.009606550296404,0.0082355997320795,0.0073702700802636,0.0025257397750099,169.0,False,8
X9w,s51 + snapshots + metric hour weights,F3 target,BiEncSeq2Seq,dual raw+sqrt,0.0089105590250423,0.010468901546615351,0.0095756309465274,0.008189382857701,0.0074083207493253,0.0025141985898537,487.0,False,10
S62,BiGRU + scoring + dual loss,F3 target,BiEncSeq2Seq,dual raw+sqrt,0.0089657840031934,0.010276856620826884,0.0096076773850077,0.0083517503743874,0.0076268516325515,0.0025658902335151,440.0,True,17
S44b,scoring-aligned bi-encoder,F3 target,BiEncSeq2Seq,metric hour weights,0.0090353430261909,0.010696169569864708,0.0096625012270919,0.0082892041309327,0.0074934971768745,0.0029956666501426,166.0,False,24
I11w,i11 storm augmentation + metric hour weights,F3 target,Seq2Seq (GRU),metric hour weights,0.0090900897109783,0.0106195609485938,0.0098920849528948,0.0082864146972434,0.0075622982451811,0.0027642536667341,2886.0,True,26
S51,BiGRU dual raw+sqrt loss,F3 target,BiEncSeq2Seq,dual raw+sqrt,0.009164592408256,0.01055231247761535,0.0098526157832456,0.0085051425546939,0.007748298817469,0.0026475788714941,140.0,False,33
S35w,s35 mixup + metric hour weights,F3 target,Seq2Seq (GRU),metric hour weights,0.009295981300454,0.010931529941555424,0.0100910331310838,0.0084865141116126,0.0076748480175641,0.0030230241734378,1605.0,True,40
S39w,s39 cross-county + metric hour weights,F3 target,CrossCountyNet,metric hour weights,0.0094375277739853,0.011897820830376308,0.0103095443022285,0.008152458497422,0.0073902874659145,0.0031042228491382,415.0,False,62
I05b,archetype ORACLE (ceiling),F3 target,boosted / bagged trees,plain squared error,0.0094458970851751,0.012047427187881784,0.0105970769598528,0.0081168226457682,0.0070222615471976,0.0031261101135869,76.0,False,64
TS2c,PatchTST-KF + metric hour weights,F3 target,patch / variate attention,dual raw+sqrt,0.0095174804630382,0.011732309016325,0.010541746970843,0.0084190743369308,0.0073767915280542,0.0029127414021845,1404.0,True,70
TS2d,PatchTST-KF + exact metric Jacobian,F3 target,patch / variate attention,dual raw+sqrt,0.009536561398572,0.011785381876162156,0.0105624262313243,0.0084078601754571,0.0073905773113444,0.0029007908704637,1392.0,False,72
S54,severe-event auxiliary head,F3 target,other / statistical,plain squared error,0.0095960149548679,0.011223745442609394,0.0101802633087247,0.0087871280409963,0.0081929230271414,0.0030339405204874,117.0,False,86
S24b,sqrt target,F3 target,boosted / bagged trees,sqrt target,0.009667388624905,0.01197543655116128,0.0105771449465119,0.0083776483928653,0.0077393246090813,0.0025675512004245,23.0,False,97
H2,hurdle-gated + occurrence BCE 0.1,F3 target,other / statistical,hurdle / two-part,0.009681346002506,0.011292023340873867,0.0103404719687066,0.0089321015824312,0.0081607871180125,0.0027043939287381,130.0,False,99
S50,BiGRU sqrt target,F3 target,BiEncSeq2Seq,sqrt target,0.0097126045002885,0.01133075643873685,0.0104020211308097,0.0089069661649301,0.0082106742666773,0.0026057117852205,122.0,False,104
H1,hurdle-gated bi-encoder (S62 loss),F3 target,other / statistical,hurdle / two-part,0.0097621064085021,0.01144355432915004,0.0105309733226792,0.0089277193798068,0.0081461786023725,0.0026940568968989,127.0,False,109
S37,multi-task (OSI+P+N),F3 target,other / statistical,plain squared error,0.0098417976975954,0.011785424360485493,0.0106118568202636,0.0089057504820916,0.0080641591275408,0.0032242398616458,123.0,False,113
SX3,"CondFlow-KF (conditional affine-coupling flow, sample-mean forecast)",F3 target,normalizing flow,likelihood,0.0098930888534297,0.01179145257510238,0.0107070972022024,0.0088877297556202,0.0081860758807937,0.0025960768718425,132.0,False,119
S24,log1p target,F3 target,boosted / bagged trees,sqrt target,0.0099636988559344,0.012345251425411272,0.0107748768667839,0.0087127156953167,0.0080219514362257,0.0027511924268087,26.0,False,124
S44,scoring-aligned GRU,F3 target,other / statistical,metric hour weights,0.0100394181495005,0.012480670791895401,0.0109578458733086,0.0087657825115946,0.0079533734212033,0.0032134054119522,111.0,False,129
I09,Tweedie emission head,F3 target,other / statistical,Tweedie / Poisson,0.0102160367210474,0.013252186998320438,0.011322219644526,0.0085171184184917,0.0077726218228516,0.0030454738062685,170.0,False,142
I05,archetype gate,F3 target,boosted / bagged trees,plain squared error,0.0102188198129436,0.013099813936741287,0.0114040336604292,0.0085557624639543,0.0078156691906498,0.0032669698839248,79.0,False,143
I06,quantile two-stage,F3 target,other / statistical,hurdle / two-part,0.0106290440168164,0.012383315805216113,0.0112037445477864,0.0097198230175878,0.0092092926966755,0.0033117081499362,53.0,False,169
I13,Poisson/Tweedie GBM,F3 target,boosted / bagged trees,Tweedie / Poisson,0.0114181406855892,0.013725175800047668,0.012169792542241,0.0101271996611288,0.0096503947389395,0.0028002500124719,27.0,False,190
I13,Poisson/Tweedie GBM,F3 target,boosted / bagged trees,Tweedie / Poisson,0.0114181406855892,0.013725175800047668,0.012169792542241,0.0101271996611288,0.0096503947389395,0.0028002500124719,21.0,False,190
A7b,S62 + hour-block dropout augmentation,F4 exposure,BiEncSeq2Seq,dual raw+sqrt,0.0089346508013112,0.010362225753172622,0.0095863253038921,0.0082447818575151,0.0075452702906649,0.0025532756714593,170.0,False,14
A7,S62 + channel-dropout augmentation,F4 exposure,BiEncSeq2Seq,dual raw+sqrt,0.008940913974541,0.010386816825156268,0.0095765800861449,0.0082426102717658,0.0075576487150971,0.002582572310721,143.0,False,16
A2b,S62 + TTA 8 views,F4 exposure,BiEncSeq2Seq,dual raw+sqrt,0.0089943281269356,0.01038157201622578,0.0096527202056786,0.0083231391841405,0.0076198811016975,0.0025652890064306,152.0,False,20
A2,S62 + TTA 4 views,F4 exposure,BiEncSeq2Seq,dual raw+sqrt,0.0089956469106623,0.010352310363687334,0.0096581690470925,0.0083476513396493,0.0076244568922202,0.0025687450713619,152.0,False,21
P3b,"same model, no adaptation (z=0)",F4 exposure,Seq2Seq (GRU),plain squared error,0.0092153343333864,0.010999321261269852,0.0098131786667375,0.0083383417816401,0.0077104956238983,0.0026685068411598,121.0,False,36
P3,test-time latent adaptation (1D),F4 exposure,Seq2Seq (GRU),plain squared error,0.0092154551812317,0.010999798048198032,0.0098133319103896,0.0083383266376509,0.0077103641286882,0.0026685626669989,127.0,False,37
P3,test-time latent adaptation (1D),F4 exposure,Seq2Seq (GRU),plain squared error,0.0093209563910693,0.011152222269548328,0.0099602643767328,0.0084430474892263,0.0077282914287699,0.0027316468192416,128.0,False,44
P3b,"same model, no adaptation (z=0)",F4 exposure,Seq2Seq (GRU),plain squared error,0.0093209563910693,0.011152222269548328,0.0099602643767328,0.0084430474892263,0.0077282914287699,0.0027316468192416,123.0,False,44
A8,S62 + prefix-truncation augmentation,F4 exposure,BiEncSeq2Seq,dual raw+sqrt,0.0093391314768468,0.010784015048376143,0.0101176741019253,0.0086545688795016,0.0078002678775844,0.0026507650171759,214.0,False,47
S40,multi-origin augmentation,F4 exposure,Seq2Seq (GRU),plain squared error,0.0093624058756587,0.011146281020978192,0.0100331315763471,0.0084655872826473,0.0078046236226622,0.0032277781669847,225.0,False,51
P4,storm-phase canonicalization,F4 exposure,Seq2Seq (GRU),plain squared error,0.0094180455335741,0.01102229596594742,0.0100191131282147,0.0086774973602712,0.0079532756798631,0.0030667573303367,149.0,False,58
S35,mixup augmentation,F4 exposure,Seq2Seq (GRU),plain squared error,0.0094361917736961,0.010970218219233207,0.0102472107097245,0.0087207853188122,0.0078065528470145,0.0030401029590984,1088.0,False,60
S35,mixup augmentation,F4 exposure,Seq2Seq (GRU),plain squared error,0.0094361917736961,0.010970218219233207,0.0102472107097245,0.0087207853188122,0.0078065528470145,0.0030401029590984,1095.0,False,60
I11,storm augmentation,F4 exposure,Seq2Seq (GRU),plain squared error,0.009549960460087,0.011008219824666378,0.0103416046086013,0.0087729079182555,0.0080771094888249,0.0029455765352052,1267.0,False,75
A9,multi-origin 47/71/103 (lull origin),F4 exposure,BiEncSeq2Seq,dual raw+sqrt,0.0096042212227551,0.011372675660560475,0.0102414285855359,0.0087068396301058,0.0080959410148183,0.0031490272802027,557.0,False,87
A9d,multi-origin 47/71/127 (wave-2 origin),F4 exposure,BiEncSeq2Seq,dual raw+sqrt,0.0097316610063595,0.01155129850118503,0.0104332619117351,0.0087740100211368,0.0081680735913812,0.0031747800879972,1375.0,False,105
A9b,multi-origin 71/103,F4 exposure,BiEncSeq2Seq,dual raw+sqrt,0.0098412246192327,0.01194713174952868,0.010586846920836,0.0088368815602847,0.0079940382462814,0.0032634186562217,683.0,False,112
S36,stochastic weight averaging,F4 exposure,Seq2Seq (GRU),plain squared error,0.0099277311687041,0.01215319446671853,0.010775363577456,0.0088208145154278,0.0079615521152142,0.00324486685034,118.0,False,121
S36,stochastic weight averaging,F4 exposure,Seq2Seq (GRU),plain squared error,0.0099277311687041,0.01215319446671853,0.010775363577456,0.0088208145154278,0.0079615521152142,0.00324486685034,116.0,False,121
A9c,multi-origin 47/59/71/103,F4 exposure,BiEncSeq2Seq,dual raw+sqrt,0.0099692623391182,0.011620036096067647,0.0106177844520854,0.009085723112044,0.0085535056962759,0.0033785640293083,958.0,False,126
S63b,"multi-origin, 8 origins",F4 exposure,Seq2Seq (GRU),plain squared error,0.0100793165244572,0.011619517596424005,0.0107206268065747,0.0092476112043305,0.0087295104904997,0.0035563275910551,778.0,False,134
S63,"multi-origin, 5 origins",F4 exposure,Seq2Seq (GRU),plain squared error,0.0101626445543588,0.011874194429330978,0.0107718348954488,0.0092499604759127,0.0087545884167428,0.0035654920805197,1108.0,False,140
S63c,"multi-origin, 5 storm-phase origins",F4 exposure,Seq2Seq (GRU),plain squared error,0.0102550111090581,0.012077606387801325,0.0108797643068015,0.0093632694125025,0.0086994043291273,0.0033336288295802,386.0,False,148
M1c,"MC damage only, deterministic restore",F4 exposure,stock-flow state space,hurdle / two-part,0.0103904954854819,0.012630325737470527,0.0116678859781747,0.0092100226019598,0.0080537476243227,0.0030043193989593,205.0,False,153
M1b,"stock-flow MC rollout, DAgger-1",F4 exposure,stock-flow state space,hurdle / two-part,0.0105188610557163,0.012372983275607336,0.0115067212038399,0.0096252349305786,0.0085705048128395,0.0029101929645338,272.0,False,164
M1,"stock-flow MC rollout, teacher-forced",F4 exposure,stock-flow state space,hurdle / two-part,0.0106727279596016,0.01288720687464421,0.0119364310360242,0.0095545470598544,0.0083127268678836,0.0029649582944829,157.0,False,171
M1d,"MC teacher-forced, 64 paths",F4 exposure,stock-flow state space,hurdle / two-part,0.0108359061809436,0.013069452407811214,0.0121081350980225,0.0096706238165026,0.0084954134014382,0.0029978285770117,162.0,False,177
P4,storm-phase canonicalization,F4 exposure,Seq2Seq (GRU),plain squared error,,FAILED: fp and xp are not of the same length.,0.0,,,,,False,0
A10,trailing-window multi-origin 47/59/71 (control),F4 exposure,BiEncSeq2Seq,dual raw+sqrt,,"FAILED: Expected state_dict to be dict-like, got <class 'NoneType'>.",33.0,,,,,False,0
A10b,trailing-window 47/71/103 (lull origin),F4 exposure,BiEncSeq2Seq,dual raw+sqrt,,"FAILED: Expected state_dict to be dict-like, got <class 'NoneType'>.",33.0,,,,,False,0
A10c,trailing-window 47/59/71/103,F4 exposure,BiEncSeq2Seq,dual raw+sqrt,,"FAILED: Expected state_dict to be dict-like, got <class 'NoneType'>.",37.0,,,,,False,0
A10d,trailing-window 71/103,F4 exposure,BiEncSeq2Seq,dual raw+sqrt,,"FAILED: Expected state_dict to be dict-like, got <class 'NoneType'>.",15.0,,,,,False,0
A3x25,"snapshot ensemble, 25 seeds",F5 estimation,BiEncSeq2Seq,dual raw+sqrt,0.0086206223188809,0.01015773960968883,0.0092287812601415,0.0078986049565444,0.0071973634491488,0.0024708530647594,9244.0,True,1
A3,S62 + snapshot ensemble (cosine restarts),F5 estimation,BiEncSeq2Seq,dual raw+sqrt,0.0086882026665756,0.010093777453856987,0.009271456272369,0.008058444821035,0.0073291321190415,0.0024978683709821,303.0,False,3
A1,S62 8 seeds,F5 estimation,BiEncSeq2Seq,dual raw+sqrt,0.0088266374820194,0.01027836410895844,0.0094640203357449,0.0081570503180189,0.0074071151653556,0.0025468090066432,346.0,False,5
X9,s51 dual-loss + snapshot ensembling,F5 estimation,BiEncSeq2Seq,dual raw+sqrt,0.0088382107571955,0.010140524082771746,0.0094053888761164,0.008259973727387,0.0075469563425067,0.0025475864211418,246.0,True,6
X11,"i11w metric-weighted, 25 seeds",F5 estimation,Seq2Seq (GRU),plain squared error,0.0088608202237083,0.010389622212192823,0.0096184898584108,0.0080901575431854,0.0073450112810444,0.0026770517910549,46520.0,False,7
Y1,x9 (s51+snapshots) @ 25 seeds,F5 estimation,Seq2Seq (GRU),dual raw+sqrt,0.008902543878176,0.010245702914232905,0.0095062048605097,0.0082821538456929,0.0075761138922684,0.0025453502585387,5859.0,False,9
X7,"i11 storm-jitter, 25 seeds x 4 snapshots",F5 estimation,Seq2Seq (GRU),plain squared error,0.00892279282879,0.010606254698651283,0.0096725700658535,0.0081130253115707,0.0072993212390846,0.0028397658621326,4515.0,False,11
A1x25,"S62, 25 seeds",F5 estimation,BiEncSeq2Seq,dual raw+sqrt,0.0089377203077304,0.010564277866662204,0.0095810317696116,0.0081644958779851,0.0074410757166626,0.0025479632940742,931.0,False,15
X3,"i11 storm-jitter, 25 seeds",F5 estimation,Seq2Seq (GRU),plain squared error,0.0089816717095085,0.010526482295119231,0.0097877571674578,0.0081920584441081,0.007420388931349,0.0027779279893937,11364.0,False,18
Y3,s35w @ 25 seeds,F5 estimation,Seq2Seq (GRU),plain squared error,0.0089902618463992,0.010656178028595776,0.0097369798542587,0.0081849349544687,0.0073829545482738,0.0028525434157379,15214.0,False,19
X6,s35 mixup + snapshot ensembling,F5 estimation,Seq2Seq (GRU),plain squared error,0.0090197704857631,0.01082256663545373,0.0098325916323646,0.0081823168830654,0.0072416067921687,0.0029901290333846,553.0,False,22
X8,"s35 mixup, 25 seeds x 4 snapshots",F5 estimation,Seq2Seq (GRU),plain squared error,0.0090506497553077,0.010805277001784245,0.009810740057551,0.0082682899954598,0.0073182919664357,0.0030108499621442,4530.0,False,25
X5,i11 storm-jitter + snapshot ensembling,F5 estimation,Seq2Seq (GRU),plain squared error,0.009112198527652,0.01080080535517504,0.0098523499731281,0.00823638680513,0.0075592519771749,0.0028909197274063,540.0,False,28
X4,"s35 mixup, 25 seeds",F5 estimation,Seq2Seq (GRU),plain squared error,0.0091157022770655,0.010549415063989874,0.0098323643360579,0.0084396186105512,0.0076414110976629,0.0029523537752599,8176.0,True,29
X10,"s51 dual-loss, 25 seeds",F5 estimation,BiEncSeq2Seq,dual raw+sqrt,0.0092448996860544,0.01072943556418929,0.0098864515727987,0.0085390548521917,0.0078246567550378,0.0026198788552883,888.0,False,38
Y4,f2 @ 25 seeds,F5 estimation,boosted / bagged trees,sqrt target,0.0092979650183689,0.011467071829458492,0.0101096879860129,0.0081568465214442,0.00745825373656,0.0024819078728086,281.0,False,42
Y2,ts2c @ 25 seeds,F5 estimation,patch / variate attention,dual raw+sqrt,0.0094659485387476,0.0116345982110371,0.0104496838231623,0.0083348414810516,0.0074446706397395,0.0027802540914636,9042.0,False,65
I20,GRU 8 seeds,F5 estimation,Seq2Seq (GRU),plain squared error,0.0094814076680077,0.011575366814381552,0.0102582130814035,0.0084566799690123,0.0076353708072334,0.0030564482643582,349.0,False,66
X1,"s39 cross-county attention, 25 seeds",F5 estimation,CrossCountyNet,plain squared error,0.0095769052165685,0.011685070617171814,0.010330124596468,0.0085727959595164,0.0077196296931177,0.0030321231725232,3770.0,False,79
X2,"s40 multi-origin, 25 seeds",F5 estimation,Seq2Seq (GRU),plain squared error,0.0095880221458815,0.011451282371262094,0.0102321675317944,0.0086338800821226,0.0080347585983469,0.0030320351210617,3963.0,False,82
Y5,p1b @ 25 seeds,F5 estimation,stock-flow state space,hurdle / two-part,0.0104155109719141,0.012256483143334643,0.0113499865717482,0.0094875234067483,0.0085680507658251,0.0043393021543757,742.0,False,155
Y6,p1c @ 25 seeds,F5 estimation,stock-flow state space,hurdle / two-part,0.0108107277155573,0.012879102178107104,0.0119839873219382,0.0097543581734317,0.0086254631887522,0.0037112548813571,349.0,False,173
Y7,r6corr @ 25 seeds,F5 estimation,stock-flow state space,hurdle / two-part,0.0108307863074904,0.012883995918278214,0.0120199636780882,0.0098612992160073,0.0085578864175878,0.0044843302196716,787.0,False,176
S64,cross-fitted ensemble distillation,F6 adaptation,other / statistical,plain squared error,0.0089232280703448,0.01047134753804548,0.0094426040047941,0.0082323526707883,0.0075466080677515,0.002859779313585,238.0,False,12
A4,S62 + county loss weight g=0.25,F6 adaptation,BiEncSeq2Seq,dual raw+sqrt,0.0090209190077547,0.01050336107432771,0.0096923780511321,0.0083059816996686,0.0075819552058906,0.0026792093851676,212.0,False,23
A4b,S62 + county loss weight g=0.50,F6 adaptation,BiEncSeq2Seq,dual raw+sqrt,0.0091845634984944,0.010723867526650917,0.0098802128263376,0.0084405075628787,0.0076936660781104,0.0028227544788673,209.0,False,34
M3c,"mixture K=4, no MCL (collapse control)",F6 adaptation,stock-flow state space,plain squared error,0.0093844490768395,0.011223672607770477,0.0100189338318897,0.0084731560063962,0.0078220338613018,0.0026644878705922,150.0,False,53
M3b,mixture K=8,F6 adaptation,stock-flow state space,plain squared error,0.0096638756535905,0.011424832495422737,0.0103034222729784,0.0087752154287486,0.0081520324172125,0.0027307418124589,1514.0,False,96
M3,mixture-of-trajectories K=4 + MCL,F6 adaptation,stock-flow state space,plain squared error,0.0098446465042374,0.011573536373184066,0.010467426908958,0.0090056786792917,0.0083319440555158,0.0027666495793232,493.0,False,115
N1b,NCL K=4 lam=0.3,F7 combination,other / statistical,plain squared error,0.0091953316104149,0.010801486425040873,0.009848576711378,0.0083742780028197,0.0077569853024212,0.0026238770300933,7029.0,False,35
N1c,NCL K=4 lam=0.6,F7 combination,other / statistical,plain squared error,0.0111134343770189,0.013533341804964297,0.0120324786105272,0.0097564514721918,0.0091314656203924,0.0033889589537226,2134.0,False,183
N2b,anti-corr lam=1.0,F7 combination,other / statistical,plain squared error,0.0118678261182211,0.014360696422311263,0.0129792564594054,0.0106024764742885,0.0095288751168794,0.0033974888940605,1337.0,False,195
N2,"anti-corr vs shipped ensemble, lam=0.5",F7 combination,other / statistical,plain squared error,0.0120873780431293,0.014343198304911335,0.0132062280031687,0.0109211857517007,0.0098789001127365,0.0034667834818657,968.0,False,198
I10,MC-dropout sampler,F8 uncertainty,other / statistical,plain squared error,0.0103157051383823,0.012350322076828112,0.0111292577421741,0.009339181036374,0.0084440596981531,0.0034169256809199,102.0,False,151
RT1,ray-tuned bi-encoder (nested ASHA config),P protocol,other / statistical,plain squared error,0.0091368204992426,0.010837104112777642,0.0099188137664923,0.0082936621255218,0.0074977019921787,0.0026695275949439,183.0,False,31
RT3,optuna-TPE on the true metric (nested),P protocol,other / statistical,plain squared error,0.0091633553488396,0.010819045724120256,0.0098757977888789,0.0083347450155612,0.0076238328667982,0.0026275158519871,200.0,False,32
RT4,optuna-tuned f2 XGB config,P protocol,boosted / bagged trees,sqrt target,0.0092897154007836,0.011286455158343887,0.0100232224755298,0.0082141447777264,0.0076350391915342,0.0024664326351672,16.0,False,39
RT2,ray-tuned on the true metric (nested),P protocol,other / statistical,plain squared error,0.0093921637594138,0.011197884001232632,0.0102619643469813,0.0085056527709066,0.0076031539185349,0.0026561971457997,159.0,False,55
S53,shared encoder + state residuals,X compound,other / statistical,plain squared error,0.0096350821439705,0.011188428921380134,0.0102168064407115,0.0089116093181767,0.0082234838956136,0.0032487568667387,131.0,False,95
S52,per-column horizon specialists,X compound,other / statistical,plain squared error,0.0096996699940714,0.011398195605163482,0.0106743731564858,0.0088652578737065,0.0078608533409299,0.0031952966995981,299.0,False,102
I18,in-dataset pretraining,X compound,other / statistical,plain squared error,0.0108649421898123,0.012667383023685329,0.0114467535833781,0.0098292546008719,0.0095163775513138,0.0037200469764905,184.0,False,179
I15,survival restoration,X compound,other / statistical,plain squared error,0.0113122203337791,0.013126371891901743,0.0122462067587726,0.0103188610702621,0.0095574416141799,0.0028836840793373,1.0,False,189
I01,amplitude x shape,X compound,other / statistical,plain squared error,0.0138622428311223,0.0181110363842349,0.0158692159378502,0.0113740598024102,0.010094659199994,0.0040833563622776,2.0,False,200
