fipsCode,county_name,fia_forest_acres,fia_forest_se_pct,fia_plots,fia_pct_forest
18001,IN Adams,6377.4527078951,87.897544106,1.0,0.029401019266996613
18003,IN Allen,81661.961074351,25.6552621688,15.0,0.19412264442214125
18005,IN Bartholomew,51423.0756058814,30.6833365508,9.0,0.19744570608490117
18007,,0.0,,,0.0
18009,IN Blackford,13125.9177990993,65.842535583,2.0,0.12423672212047744
18011,IN Boone,9604.2152989729,71.71769276,3.0,0.035486462901341644
18013,IN Brown,163351.1205933408,17.3006196091,34.0,0.8180985936179872
18015,IN Carroll,39827.4395265255,39.1994895768,6.0,0.16718483245401597
18017,IN Cass,26065.7494385959,44.5062487471,6.0,0.09881918333836254
18019,IN Clark,84896.8126819711,25.1125341009,16.0,0.355795589988949
18021,IN Clay,51257.2136927867,33.9347873458,9.0,0.22396363645128417
18023,IN Clinton,101.4647117681,103.745856621,1.0,0.0003913886150628322
18025,IN Crawford,130314.0651463744,19.3961997176,29.0,0.6662534865703029
18027,IN Daviess,30036.928561509,46.0332847187,5.0,0.1092731318986955
18029,IN Dearborn,117590.9690209097,20.9045444515,23.0,0.6022409643648252
18031,IN Decatur,30054.0717731713,37.641046728,7.0,0.12604272816124884
18033,IN De Kalb,26795.3864893596,42.1850360535,7.0,0.11539135467177564
18035,IN Delaware,16704.4343468877,57.9855964976,3.0,0.06656621295791654
18037,IN Dubois,80524.8838193349,25.2426514531,17.0,0.2944779726111682
18039,IN Elkhart,40816.1227030777,35.4231693003,8.0,0.13769551349003675
18041,IN Fayette,35654.4715547399,40.9033497804,7.0,0.25909149247878627
18043,IN Floyd,35410.1529230632,38.0960136428,8.0,0.37262925183886325
18045,IN Fountain,22429.5316072156,43.6380042599,5.0,0.08857462098596391
18047,IN Franklin,117475.9832302732,21.1975327941,18.0,0.47748129366198405
18049,IN Fulton,16991.5652189352,52.1437031375,4.0,0.07206792923477441
18051,IN Gibson,51750.7003358321,33.509515329,9.0,0.16590744706880967
18053,IN Grant,10854.1907619022,68.6852252133,2.0,0.040956589200563616
18055,IN Greene,134905.7869995511,18.9489194797,23.0,0.3885771709372157
18057,IN Hamilton,22321.8664504478,50.311165908,4.0,0.08843800812122585
18059,IN Hancock,16832.72953182,57.7595325169,3.0,0.08596351740103594
18061,IN Harrison,136625.7951433167,19.7693717695,25.0,0.4409750898803405
18063,IN Hendricks,27807.409110146,45.2590583739,5.0,0.10678229891471273
18065,IN Henry,20345.5012410757,49.1089582685,4.0,0.08112199922215589
18067,IN Howard,15480.5538629775,55.9140411397,3.0,0.08253330357146094
18069,IN Huntington,34751.1230811071,38.0236469995,9.0,0.14190192530028786
18071,IN Jackson,132129.9869084929,18.9243205609,30.0,0.40482747205667724
18073,IN Jasper,30415.8786258889,43.7826634547,5.0,0.08491425520467305
18075,IN Jay,37987.4262217499,39.0171717744,5.0,0.15460948274048064
18077,IN Jefferson,58867.4694305447,31.8506420787,11.0,0.25504775117908746
18079,IN Jennings,135759.4108240658,19.6992459173,22.0,0.5632654519621846
18081,IN Johnson,42274.2123943326,32.0315565301,10.0,0.20614970231151689
18083,IN Knox,29226.8405523331,44.2445121635,6.0,0.08853150060586294
18085,IN Kosciusko,54169.7344789911,31.6416459474,9.0,0.1592645887871979
18087,IN Lagrange,45571.8660343181,34.2015263022,7.0,0.18756694855154238
18089,IN Lake,29849.6996347412,40.761201291,6.0,0.09351803420150648
18091,IN La Porte,55825.4360315547,31.6994006778,8.0,0.1457949843458143
18093,IN Lawrence,121995.0942096214,20.1266757145,25.0,0.42439949304353913
18095,IN Madison,17419.6738081335,54.3578680721,4.0,0.06022787240515177
18097,IN Marion,20571.5919575185,50.1186239696,4.0,0.08104422567552835
18099,IN Marshall,35130.7101412069,37.062077566,9.0,0.12373593299588789
18101,IN Martin,144748.2818461078,17.6088673997,28.0,0.6736017297558187
18103,IN Miami,21898.3729230119,51.8893743451,5.0,0.09152585234458967
18105,IN Monroe,163278.5622311109,18.3788431706,30.0,0.6466629325769179
18107,IN Montgomery,31607.1704289863,42.5865537696,6.0,0.09786287007609495
18109,IN Morgan,111882.8363507948,21.1796866545,24.0,0.4328930496147349
18111,IN Newton,19328.5857274854,54.8125456305,4.0,0.07517246879116858
18113,IN Noble,34687.8680039525,38.0627470132,10.0,0.13192272938985694
18115,IN Ohio,10465.7242696476,77.2865944531,2.0,0.18981653129801945
18117,IN Orange,122994.5831853022,19.9963629501,28.0,0.482402526807474
18119,IN Owen,126405.4469531574,21.0804705953,20.0,0.5126163351829337
18121,IN Parke,85881.0604502351,26.4814612204,12.0,0.30173784677020504
18123,IN Perry,155544.4611231796,17.2804760309,37.0,0.6366590362680571
18125,IN Pike,94604.813315249,24.3954543877,18.0,0.44217377889243165
18127,IN Porter,25102.8680543993,42.7740582855,6.0,0.09381214084294555
18129,IN Posey,48239.882766476,33.7081872724,8.0,0.18411719242917732
18131,IN Pulaski,31004.517819604,41.1886813515,9.0,0.11170705964865683
18133,IN Putnam,93241.3804686505,23.3331658899,15.0,0.3031809350419768
18135,IN Randolph,19107.7299140093,54.7770428609,4.0,0.06599737828378313
18137,IN Ripley,83171.0407004935,25.8494113083,16.0,0.29110227540812433
18139,IN Rush,22537.4786997358,53.1733414535,3.0,0.08628183788369392
18141,IN St. Joseph,32475.4438322208,36.7040687884,9.0,0.11084628757636361
18143,IN Scott,26703.6771034669,44.1158158787,6.0,0.21913780494092547
18145,IN Shelby,14659.5557753522,58.6049562448,4.0,0.05571257314815904
18147,IN Spencer,75290.2929823257,27.8788008235,12.0,0.29641324823217957
18149,IN Starke,20740.0283750592,44.0956859798,7.0,0.10482588805226689
18151,IN Steuben,25187.3983388056,45.8898506216,5.0,0.1274554448821763
18153,IN Sullivan,85857.9067391104,24.6050534206,15.0,0.3000030844504128
18155,IN Switzerland,64133.2066087011,29.5848985332,13.0,0.4541126730024084
18157,IN Tippecanoe,31187.3690270373,39.356005759,7.0,0.0976740436689519
18159,,0.0,,,0.0
18161,IN Union,33502.1922355452,45.1184196912,4.0,0.3247544845712474
18163,IN Vanderburgh,13446.0693214558,58.4663082522,3.0,0.09001453856142298
18165,IN Vermillion,17976.2906832144,59.0041697284,3.0,0.10934951644653397
18167,IN Vigo,45023.4862110283,36.6336320237,7.0,0.1742999360886294
18169,IN Wabash,45098.7525924614,34.1881708508,11.0,0.17081287281588833
18171,IN Warren,12382.8347661381,61.0866537507,3.0,0.053053769837645065
18173,IN Warrick,58333.7314052762,31.0614609209,11.0,0.23684062155409882
18175,IN Washington,138426.7608184787,20.2192798479,24.0,0.4210575969001999
18177,IN Wayne,9949.2132710954,76.6213269314,2.0,0.038694439224218204
18179,IN Wells,22146.9625610124,47.2611480105,4.0,0.0940120922542276
18181,IN White,20309.2878671954,51.1085644323,3.0,0.06282085186947119
18183,IN Whitley,45136.7514245224,32.9284381556,10.0,0.21016954566828855
39001,OH Adams,238933.1749379183,16.3831055278,36.0,0.6394091270697985
39003,OH Allen,23661.9077746091,45.4557601244,6.0,0.0918449636632593
39005,OH Ashland,114647.6000327356,23.3874421976,17.0,0.4235044458840328
39007,OH Ashtabula,208141.8606242329,16.4806986674,34.0,0.4632345021562955
39009,OH Athens,240218.0330219266,14.7461500995,48.0,0.7452499714019432
39011,OH Auglaize,36483.9497429199,39.601859595,7.0,0.14202261022579735
39013,OH Belmont,185990.199537795,18.197352434,34.0,0.5461284369667481
39015,OH Brown,59937.0867657599,30.5231971166,11.0,0.19130433500530053
39017,OH Butler,73034.4668893522,27.0644610237,14.0,0.24460982610672297
39019,OH Carroll,70649.5549427735,32.2231704274,12.0,0.27974296168916196
39021,OH Champaign,30124.6318765154,43.392375951,5.0,0.10972248077935638
39023,OH Clark,38643.9605183215,37.6830602993,10.0,0.15214081014993902
39025,OH Clermont,79861.0425851394,27.6807339972,16.0,0.2757267081476054
39027,OH Clinton,41567.4913995408,36.2377268933,7.0,0.15890452476514505
39029,OH Columbiana,149528.5019032589,19.8904924494,23.0,0.4392382349574126
39031,OH Coshocton,233880.4466623259,17.1751454559,33.0,0.6479538534683081
39033,OH Crawford,17149.7871590659,55.0077799023,4.0,0.06669356930316256
39035,OH Cuyahoga,53677.299922685,31.56146241,11.0,0.18343998969665057
39037,OH Darke,29611.7390865027,39.1821900925,9.0,0.07735861495641291
39039,OH Defiance,28798.406029615,44.2304792158,6.0,0.109363250507409
39041,OH Delaware,30685.458329802,42.6132836677,7.0,0.10819441097494877
39043,OH Erie,14054.0238174292,68.5154135308,2.0,0.08738742882562289
39045,OH Fairfield,48291.5095322999,32.6135277592,10.0,0.14960491636853984
39047,OH Fayette,8960.1357085734,83.8684547061,2.0,0.03445264689437701
39049,OH Franklin,29593.3296853058,44.6479272465,5.0,0.08684842451178364
39051,OH Fulton,39592.7781047736,35.2689361398,8.0,0.15258151074914536
39053,OH Gallia,170057.3957856255,18.404816483,34.0,0.5695554003280386
39055,OH Geauga,156106.1751203084,19.3164825086,25.0,0.60933122481703
39057,OH Greene,18748.276803383,50.8846166253,6.0,0.07083434892067622
39059,OH Guernsey,216345.1861301702,17.3513738695,30.0,0.6472700129216644
39061,OH Hamilton,66000.383574094,27.8445080827,13.0,0.25437547781494124
39063,OH Hancock,15614.4130714833,59.7994147086,3.0,0.045918261749762684
39065,OH Hardin,11899.5262592172,52.5327281574,4.0,0.03953562154869254
39067,OH Harrison,124071.9157408941,24.7590708931,16.0,0.48184795192303603
39069,OH Henry,31446.8990460394,42.1188920663,6.0,0.11811201595980039
39071,OH Highland,92493.979760719,26.8463765033,15.0,0.2613017975138016
39073,OH Hocking,241997.1895463349,14.9919959477,40.0,0.8974047847892087
39075,OH Holmes,79531.3845046902,29.9912655123,13.0,0.2940469941425668
39077,OH Huron,26301.7684461515,48.4223324464,5.0,0.0834882633112339
39079,OH Jackson,158528.2633848689,19.7711853234,28.0,0.5893279044963422
39081,OH Jefferson,136571.9813405289,23.4147322252,19.0,0.5228649156741
39083,OH Knox,64626.8676120537,27.291110263,13.0,0.19215922512475553
39085,OH Lake,64900.3164400518,29.4181679901,13.0,0.4423027192287736
39087,OH Lawrence,214370.1435553148,14.4864820451,65.0,0.738770447062878
39089,OH Licking,120417.1988619512,19.7128476589,27.0,0.27570989017403874
39091,OH Logan,60962.3246872744,30.7384878322,9.0,0.20774784261027393
39093,OH Lorain,46758.626793424,32.0250482644,11.0,0.14893984205996097
39095,OH Lucas,29108.1705789779,43.7971907453,7.0,0.13390188666311306
39097,OH Madison,13171.8104591581,68.6463154452,2.0,0.04418277218468
39099,OH Mahoning,48093.5894504152,34.6456404032,10.0,0.18262071680407144
39101,OH Marion,25460.2602779891,42.1124420102,7.0,0.09851675478907686
39103,OH Medina,34633.7637099219,38.0891720965,9.0,0.12840011530627718
39105,OH Meigs,215994.3193787114,17.1938103222,27.0,0.7846769464667371
39107,,0.0,,,0.0
39109,OH Miami,23661.1850069719,44.2579741367,6.0,0.09094389114804301
39111,OH Monroe,178452.7635415707,18.2294423814,38.0,0.6118463255830936
39113,OH Montgomery,32857.8286848005,39.6831676174,11.0,0.11128264015901294
39115,OH Morgan,111147.6246037993,21.3472395711,24.0,0.41704447715425164
39117,OH Morrow,72940.1069599069,26.8047063656,12.0,0.28061900044038307
39119,OH Muskingum,281836.8880475131,15.2953079222,44.0,0.6626631378027091
39121,OH Noble,197238.0149135739,18.4468276724,33.0,0.7743093130419666
39123,OH Ottawa,18084.9739795962,56.9846899094,3.0,0.1109435731010077
39125,OH Paulding,10097.8892655895,64.3963384855,4.0,0.03788815055767068
39127,OH Perry,121903.27872015,21.2092037685,29.0,0.4669232596455171
39129,OH Pickaway,16777.9136506234,56.9490464481,3.0,0.052302525156413975
39131,OH Pike,187738.6840105371,18.3588298446,29.0,0.6662586564212578
39133,OH Portage,84416.3433363172,25.6120904198,16.0,0.27061793880447604
39135,OH Preble,39541.689275815,38.6024361793,8.0,0.14563909211943854
39137,OH Putnam,1524.4029133965,101.3190684699,1.0,0.0049360878016969055
39139,OH Richland,50087.9953515098,32.30162182,10.0,0.15803357397059142
39141,OH Ross,222719.8140064073,16.3675203211,37.0,0.5049577451368921
39143,OH Sandusky,13648.6779863923,52.0451329245,4.0,0.05223825672202047
39145,OH Scioto,278599.2971341879,14.15518694,47.0,0.7134556568883931
39147,OH Seneca,31864.3432130134,39.1806470378,8.0,0.09035514888650162
39149,OH Shelby,19383.2193469848,47.2197248736,5.0,0.07428679408984128
39151,OH Stark,34961.7515047517,39.3122074401,9.0,0.09496099489135361
39153,OH Summit,77971.9568905002,24.2822497637,19.0,0.29513868365356616
39155,OH Trumbull,168645.50566681,18.6619812837,28.0,0.4263196510026527
39157,OH Tuscarawas,151659.8945959907,21.782387829,24.0,0.417647478724888
39159,OH Union,6314.41635331,59.5697779025,4.0,0.02285134890540064
39161,OH Van Wert,17500.3670999876,54.2636582353,4.0,0.0668320263808643
39163,OH Vinton,222317.6740553265,16.4942968392,34.0,0.8423983066045388
39165,OH Warren,57875.7550410562,31.0658584988,12.0,0.2252735049003936
39167,OH Washington,224035.7855759987,15.8054346173,49.0,0.5539087287807694
39169,OH Wayne,41992.9812989893,36.946897762,9.0,0.1182684467061726
39171,OH Williams,27345.260738329,42.1936568405,7.0,0.10157126872923278
39173,OH Wood,31556.5283875543,42.701683032,5.0,0.07989324619071425
39175,OH Wyandot,15992.2818468369,57.4860999816,4.0,0.06141368904682389
42001,PA Adams,120734.7913897621,19.9193876233,23.0,0.36370107684070113
42003,PA Allegheny,146467.9132037384,19.4982735734,31.0,0.31352128268471885
42005,PA Armstrong,239393.9996823986,16.3655911825,34.0,0.5725411007816186
42007,PA Beaver,140067.4085869351,20.7306993866,24.0,0.5034686985520563
42009,PA Bedford,360040.5874476791,12.2398160402,58.0,0.5557603553768308
42011,PA Berks,195262.7102923404,15.3578901764,38.0,0.35625515654637113
42013,PA Blair,261757.1535637487,14.8287360655,38.0,0.7786298106963908
42015,PA Bradford,469554.5111303956,10.7122097738,84.0,0.6393860981959009
42017,PA Bucks,126781.0291901477,21.0968869941,23.0,0.32777328694254615
42019,PA Butler,266502.1070580889,15.1867456561,41.0,0.5274438587616043
42021,PA Cambria,232924.6149167304,16.2521670376,37.0,0.5293664249354791
42023,PA Cameron,230538.8191185429,16.336050811,37.0,0.909103746716511
42025,PA Carbon,162063.4126831467,18.3988592082,31.0,0.6640654202657496
42027,PA Centre,502480.6466656172,10.7013790499,84.0,0.7081449853478343
42029,PA Chester,86292.9883858103,25.2089422284,16.0,0.17964627664770524
42031,PA Clarion,250104.8412623704,15.7923550374,43.0,0.650409537514382
42033,PA Clearfield,531754.1973357563,10.4567791922,91.0,0.7254411920957974
42035,PA Clinton,415970.7356207242,11.4157547312,70.0,0.7319436773718688
42037,PA Columbia,122511.6970935827,22.6024627351,19.0,0.3961501922732113
42039,PA Crawford,274328.8892431461,15.6186268963,42.0,0.4234076874638006
42041,PA Cumberland,87843.0823352473,25.5039089334,14.0,0.25162208724210583
42043,PA Dauphin,137615.2969539149,20.6291751934,23.0,0.4096707784603655
42045,PA Delaware,3966.4205160847,104.9790169806,1.0,0.03371613881556099
42047,PA Elk,457973.5084151428,10.5843027918,114.0,0.8653800236045918
42049,PA Erie,226427.3469994322,17.275201169,32.0,0.4428426245243384
42051,PA Fayette,337266.9038429442,13.1047810733,49.0,0.6664232764696661
42053,PA Forest,282012.2543096428,12.8248708043,87.0,1.0313279471206385
42055,PA Franklin,175410.6944214666,17.8955035444,31.0,0.35488743353745317
42057,PA Fulton,205130.5299361392,16.8443046198,34.0,0.7325236441585495
42059,PA Greene,212881.4333434785,17.0754644395,31.0,0.5775460290436808
42061,PA Huntingdon,456673.3065738043,10.7195579926,64.0,0.8158125077420153
42063,PA Indiana,371640.2670350117,12.7661908085,49.0,0.7018190838359565
42065,PA Jefferson,279999.8818580308,14.674751553,47.0,0.6705646009229627
42067,PA Juniata,152394.565191035,20.3420691293,20.0,0.6083852416406923
42069,PA Lackawanna,216064.9102840184,16.4527720196,35.0,0.73549425031269
42071,PA Lancaster,90250.6843245184,23.9494919967,18.0,0.14939411886662485
42073,PA Lawrence,112685.2902760722,23.3124944748,19.0,0.4926916907261842
42075,PA Lebanon,57592.6276870958,29.0764991227,12.0,0.2487003213096776
42077,PA Lehigh,69514.8155740603,26.2548901951,16.0,0.3145289151728459
42079,PA Luzerne,395131.8302565009,11.8113497192,70.0,0.6939633150707432
42081,PA Lycoming,652607.710719387,9.142763003,108.0,0.8297525860097014
42083,PA McKean,563924.5689686768,9.4698293298,136.0,0.8993952591457717
42085,PA Mercer,143456.2226134068,21.1519571026,25.0,0.33329915516779896
42087,PA Mifflin,118565.9651065718,21.1661077125,20.0,0.45070325749983203
42089,PA Monroe,323794.0204457104,13.3750226221,52.0,0.8316303699084954
42091,PA Montgomery,39957.5745112447,34.3344324591,11.0,0.12927010146327592
42093,PA Montour,35452.6259267515,41.5932880407,7.0,0.42532480563378056
42095,PA Northampton,52611.3311424446,31.0602247904,13.0,0.2223036034432423
42097,PA Northumberland,112421.5098207165,22.361457097,22.0,0.38381565754542535
42099,PA Perry,244097.4303130861,15.2915709947,41.0,0.6916364611490764
42101,,0.0,,,0.0
42103,PA Pike,301318.516463577,13.7002296156,46.0,0.8640383596368825
42105,PA Potter,613080.7659131712,9.4586142423,101.0,0.8859556834173535
42107,PA Schuylkill,292865.979366301,14.0977982451,47.0,0.5877413759680717
42109,PA Snyder,108546.3922963718,23.5251593363,18.0,0.5158515559245004
42111,PA Somerset,415576.4765687421,11.4267003062,64.0,0.6040091685653366
42113,PA Sullivan,251295.3855986441,15.7977938671,39.0,0.8726717177170269
42115,PA Susquehanna,297041.3079790398,13.7396691595,56.0,0.5636043362792013
42117,PA Tioga,435080.5659963292,11.6123638837,75.0,0.5995858056449427
42119,PA Union,112652.3959942313,22.6595742954,18.0,0.5571079427919
42121,PA Venango,277085.8765113485,15.0117478935,43.0,0.6421016692976531
42123,PA Warren,481766.3577984955,9.9449761616,125.0,0.8512668289755408
42125,PA Washington,207784.7352966785,16.2636184374,36.0,0.378832976162542
42127,PA Wayne,376677.7166423276,12.2920635908,61.0,0.8109452625472249
42129,PA Westmoreland,366478.7553500768,12.5605542568,51.0,0.5571824161190052
42131,PA Wyoming,180488.2212906446,18.043751846,33.0,0.7096876655022755
42133,PA York,129804.4500789092,19.9856835315,24.0,0.22426700389919085
54001,WV Barbour,150051.4944342476,22.1016141122,21.0,0.687433728632031
54003,WV Berkeley,80226.3176915105,28.4457459583,14.0,0.39033097426718966
54005,WV Boone,297332.1898234156,15.7823062441,38.0,0.9263211399408352
54007,WV Braxton,247864.0355246446,17.2671160128,33.0,0.7582945275088983
54009,WV Brooke,51079.7601780533,36.3390803492,8.0,0.8947948930244437
54011,WV Cabell,132012.1075559963,23.2974649882,20.0,0.7339930114483305
54013,WV Calhoun,106069.0407311053,26.2874681928,16.0,0.5934928420496044
54015,WV Clay,183834.2445929792,20.5883256932,24.0,0.8400358168460748
54017,WV Doddridge,135504.2549544702,23.4236722487,18.0,0.6622150998406736
54019,WV Fayette,341895.058616117,14.5042653442,49.0,0.8074373222528619
54021,WV Gilmer,182044.0098608104,20.4612711043,23.0,0.8402990975191247
54023,WV Grant,238165.6168671418,17.4046639094,36.0,0.7795467190260615
54025,WV Greenbrier,595139.1901540891,10.1446328188,117.0,0.9118387239775962
54027,WV Hampshire,308011.0907977108,15.2574731291,42.0,0.7515081610791707
54029,WV Hancock,28524.3920828916,50.649890423,4.0,0.5395218756977828
54031,WV Hardy,296860.6502484151,14.625928718,56.0,0.7965530099914112
54033,WV Harrison,114201.0392550974,24.5769247981,18.0,0.42893195283766106
54035,WV Jackson,208565.5159211071,18.9185244573,30.0,0.7017924033489817
54037,WV Jefferson,35573.9655161944,45.2879328171,5.0,0.26557756057953213
54039,WV Kanawha,332324.2148942929,14.3381976949,50.0,0.5758972301522686
54041,WV Lewis,179812.0399117538,20.2323909994,23.0,0.7261166421888074
54043,WV Lincoln,265783.237430372,16.4992109215,35.0,0.9501097214664984
54045,WV Logan,298546.4955304768,15.9847935883,38.0,1.0281274434644723
54047,WV McDowell,382307.3759961992,13.9295065311,50.0,1.1197793921809425
54049,WV Marion,142939.4153303943,23.1116114744,19.0,0.723370579245355
54051,WV Marshall,134664.6699273194,22.8700567086,23.0,0.6889069765722424
54053,WV Mason,172749.8155359077,20.1117223577,27.0,0.6266054738858406
54055,WV Mercer,148832.3711646754,22.2471831773,21.0,0.5550636571927892
54057,WV Mineral,126278.8687436407,23.6671160907,18.0,0.6017736027349431
54059,WV Mingo,252756.6114823489,17.3335432789,31.0,0.9333369698945271
54061,WV Monongalia,130926.1985575332,22.9127698987,22.0,0.5681108862350333
54063,WV Monroe,142101.0127615936,22.4665269631,26.0,0.46965828409699334
54065,WV Morgan,93840.1330633206,27.0532871021,15.0,0.6400807075100009
54067,WV Nicholas,374189.8636933232,13.7120971081,59.0,0.9038807722716342
54069,WV Ohio,45218.5421390721,39.7731867336,6.0,0.6676176140253252
54071,WV Pendleton,386057.1623567761,11.7495259166,101.0,0.8666249783527946
54073,WV Pleasants,70389.3294240265,32.5322606692,10.0,0.8452518634868189
54075,WV Pocahontas,536810.8072610543,8.5270691614,188.0,0.8920783825659193
54077,WV Preston,256975.5148166717,16.6809987912,37.0,0.6188587821795608
54079,WV Putnam,179639.6701875513,20.6628369868,24.0,0.8119873775035478
54081,WV Raleigh,282379.3557848833,16.3449866994,38.0,0.7288530333469564
54083,WV Randolph,606788.6759041897,9.3541856713,151.0,0.9119046899108362
54085,WV Ritchie,197742.2534100694,18.5505948604,30.0,0.6835820946331411
54087,WV Roane,194489.5042589856,19.2132936138,29.0,0.6284390046481327
54089,WV Summers,133526.5588756446,23.3708503922,22.0,0.5785908956471433
54091,WV Taylor,59095.3386924905,34.9219839077,8.0,0.5344442453132552
54093,WV Tucker,191654.8819638814,15.5548241809,63.0,0.7146284234318228
54095,WV Tyler,109357.965132868,24.9668360436,18.0,0.66668157298853
54097,WV Upshur,163453.6804006322,20.900484953,25.0,0.7201607713386265
54099,WV Wayne,295364.2994035078,15.3523248009,42.0,0.912059599841861
54101,WV Webster,429673.7787598472,12.0894087288,82.0,1.2130111466064306
54103,WV Wetzel,225965.4906339728,17.6804356421,32.0,0.9860475249480753
54105,WV Wirt,93426.7688433397,27.0955260574,17.0,0.6278383660029774
54107,WV Wood,182529.3757346767,19.9757367619,25.0,0.7781777614882192
54109,WV Wyoming,295582.6118445961,15.8671571807,39.0,0.9246758183818474
