fipsCode,land_sqmi,lat,lon,population,rucc,pop_density
18001,338.926,40.745733,-84.93613,35809,6.0,105.65433162401233
18003,657.3,41.091909,-85.071791,385410,2.0,586.3532633500685
18005,406.94,39.205843,-85.897999,82208,3.0,202.01503907209909
18007,406.418,40.600939,-87.314786,8719,3.0,21.453282088883856
18009,165.082,40.472672,-85.32373,12112,6.0,73.36959813910663
18011,422.882,40.050892,-86.469014,70812,1.0,167.45096740934824
18013,311.987,39.195113,-86.230121,15475,1.0,49.60142570042982
18015,372.225,40.58498,-86.565141,20306,3.0,54.55302572368863
18017,412.144,40.753799,-86.355168,37870,4.0,91.88536045653946
18019,372.83,38.476217,-85.711122,121093,1.0,324.7941421022986
18021,357.6,39.393928,-87.115858,26466,3.0,74.01006711409396
18023,405.067,40.305944,-86.477567,33190,6.0,81.93706226377364
18025,305.613,38.289433,-86.440871,10526,8.0,34.44225212932696
18027,429.499,38.69609,-87.076943,33381,7.0,77.72078631149316
18029,305.087,39.140897,-84.975868,50679,1.0,166.11327260748573
18031,372.568,39.30598,-85.499831,26472,6.0,71.05280109939662
18033,362.833,41.39676,-85.002697,43265,4.0,119.24218579897638
18035,392.101,40.227543,-85.399262,111903,3.0,285.39330427619416
18037,427.265,38.373344,-86.873385,43637,5.0,102.13099598609763
18039,463.161,41.600693,-85.863986,207047,3.0,447.0302983195908
18041,215.021,39.639655,-85.185032,23398,6.0,108.8172783123509
18043,148.481,38.318081,-85.911847,80484,1.0,542.0491510698339
18045,395.668,40.121237,-87.234872,16479,8.0,41.648553838066256
18047,384.426,39.409762,-85.066964,22785,1.0,59.270184638916206
18049,368.393,41.050384,-86.265006,20480,7.0,55.592804423536826
18051,487.383,38.317398,-87.580523,33011,6.0,67.7311272654155
18053,414.089,40.515758,-85.654946,66674,4.0,161.0136951235121
18055,542.467,39.047147,-87.004771,30803,6.0,56.78317759421311
18057,394.377,40.053513,-86.021709,347467,1.0,881.0529011580289
18059,305.957,39.822529,-85.77315,79840,1.0,260.951702363404
18061,484.104,38.186454,-86.103766,39654,1.0,81.91215110802638
18063,406.894,39.768963,-86.509908,174788,1.0,429.5664227046847
18065,391.877,39.929591,-85.397363,48914,6.0,124.81977763430872
18067,293.074,40.483537,-86.114118,83658,3.0,285.45009110327084
18069,382.649,40.826394,-85.478597,36662,6.0,95.81104354120879
18071,509.978,38.911957,-86.042516,46428,4.0,91.03922129974234
18073,559.68,41.017688,-87.118814,32918,1.0,58.81575185820469
18075,383.905,40.434956,-85.002331,20478,6.0,53.341321420663974
18077,360.64,38.783604,-85.44009,33147,6.0,91.91160159716061
18079,376.597,38.996229,-85.628103,27613,6.0,73.32241095919511
18081,320.415,39.496092,-86.094264,161765,1.0,504.8608835416569
18083,515.827,38.688391,-87.420354,36282,7.0,70.33753564664121
18085,531.444,41.244293,-85.861575,80240,4.0,150.98486388029596
18087,379.63,41.642462,-85.427845,40446,8.0,106.54057898480099
18089,498.729,41.472247,-87.374337,498700,1.0,999.9418521882626
18091,598.287,41.549013,-86.744739,112417,3.0,187.89811578723922
18093,449.146,38.839815,-86.48782,45011,6.0,100.21462954139633
18095,451.921,40.166203,-85.722454,130129,1.0,287.94634460447736
18097,396.612,39.782976,-86.135794,977203,1.0,2463.8765342450556
18099,443.62,41.325003,-86.269036,46095,6.0,103.9064965511023
18101,335.761,38.705322,-86.801847,9812,9.0,29.223167669860405
18103,373.842,40.772883,-86.044258,35962,6.0,96.19571904708407
18105,394.522,39.160729,-86.52331,139718,3.0,354.1450159940384
18107,504.647,40.040296,-86.892715,37936,6.0,75.17333898745063
18109,403.834,39.482646,-86.447457,71780,1.0,177.74630169822254
18111,401.755,40.962399,-87.402172,13830,1.0,34.42396485420219
18113,410.845,41.404679,-85.417271,47457,6.0,115.5107157200404
18115,86.15,38.940527,-84.964299,5940,1.0,68.9495066744051
18117,398.379,38.547381,-86.489257,19867,8.0,49.86959653997826
18119,385.295,39.317339,-86.838845,21321,3.0,55.336819839343875
18121,444.721,39.77425,-87.19695,16156,8.0,36.32839465642504
18123,381.74,38.081436,-86.62654,19170,7.0,50.21742547283491
18125,334.303,38.397961,-87.232547,12250,8.0,36.64340433678429
18127,418.104,41.509914,-87.071313,173215,1.0,414.28687599257603
18129,409.385,38.027614,-87.868653,25222,2.0,61.60948740183446
18131,433.675,41.045272,-86.692538,12514,8.0,28.855709921023806
18133,480.537,39.665548,-86.853373,36726,6.0,76.42699729677423
18135,452.379,40.164079,-85.00579,24502,6.0,54.16254954363487
18137,446.423,39.100226,-85.260494,28995,6.0,64.94961057113993
18139,408.137,39.622362,-85.466529,16752,6.0,41.04504124840434
18141,457.777,41.617723,-86.288048,272912,2.0,596.1680031980637
18143,190.403,38.679431,-85.751898,24384,6.0,128.06520905658
18145,411.138,39.524135,-85.792174,45055,1.0,109.5860757215339
18147,396.882,38.009697,-87.010375,19810,8.0,49.91408025559234
18149,309.144,41.284478,-86.644636,23371,8.0,75.59907357089253
18151,308.777,41.643467,-85.002405,34435,7.0,111.52061196267857
18153,447.172,39.089225,-87.415843,20817,3.0,46.552556957949065
18155,220.668,38.825854,-85.029681,9737,8.0,44.12511102651948
18157,498.907,40.389133,-86.893554,186251,3.0,373.3180733082518
18159,260.541,40.310229,-86.056207,15359,1.0,58.950414713998946
18161,161.19,39.623111,-84.925152,7087,8.0,43.96674731683107
18163,233.401,38.02007,-87.586166,180136,2.0,771.7876101644808
18165,256.864,39.854045,-87.462071,15439,3.0,60.105736888002994
18167,403.61,39.429143,-87.390375,106153,3.0,263.0088451723198
18169,412.538,40.843747,-85.795192,30976,6.0,75.08641628165162
18171,364.69,40.352498,-87.375163,8440,3.0,23.1429433217253
18173,384.843,38.097728,-87.272049,63898,2.0,166.03653957587898
18175,513.687,38.600613,-86.104751,28182,1.0,54.862202080255095
18177,401.754,39.863091,-85.006735,66553,5.0,165.65609801022515
18179,368.087,40.735273,-85.212974,28180,2.0,76.55798764965891
18181,505.139,40.75095,-86.864293,24688,6.0,48.87367635442918
18183,335.568,41.136426,-85.501892,34191,2.0,101.88992990988415
39001,583.872,38.834468,-83.478082,27477,8.0,47.05997204866821
39003,402.545,40.771627,-84.106103,102206,3.0,253.89956402389794
39005,422.987,40.843273,-82.270127,52447,6.0,123.99199029757415
39007,702.067,41.906637,-80.745592,97574,1.0,138.98103742235426
39009,503.644,39.332755,-82.045885,62431,4.0,123.95858979755542
39011,401.388,40.561309,-84.224018,46422,4.0,115.65368172441629
39013,532.127,40.017682,-80.967727,66497,3.0,124.96452914435841
39015,489.543,38.931377,-83.866772,43676,1.0,89.21790322811275
39017,466.524,39.439747,-84.565734,390357,1.0,836.7350875839185
39019,394.612,40.579884,-81.090787,26721,2.0,67.71461587584767
39021,428.989,40.132775,-83.767604,38714,6.0,90.24473821007066
39023,396.877,39.917032,-83.783676,136001,3.0,342.6779581583211
39025,452.56,39.052054,-84.149485,208601,1.0,460.935566554711
39027,408.731,39.416681,-83.804583,42018,6.0,102.80110879771782
39029,531.917,40.770073,-80.778455,101877,4.0,191.52800154911387
39031,563.988,40.29671,-81.930109,36612,7.0,64.91627481435775
39033,401.786,40.848524,-82.924783,42025,4.0,104.59548117654671
39035,457.211,41.555037,-81.604957,1264817,1.0,2766.374824752685
39037,598.102,40.131467,-84.621191,51881,6.0,86.74272950098813
39039,411.45,41.321679,-84.486433,38286,6.0,93.05140357273059
39041,443.147,40.278941,-83.007462,214124,1.0,483.18955109704007
39043,251.288,41.394143,-82.586835,75622,3.0,300.9375696412085
39045,504.365,39.747694,-82.626685,158921,1.0,315.09125335818305
39047,406.361,39.555246,-83.461893,28951,6.0,71.24453380122601
39049,532.417,39.969875,-83.009086,1323807,1.0,2486.410088333017
39051,405.447,41.597264,-84.124267,42713,2.0,105.34792463626565
39053,466.53,38.817046,-82.301746,29220,6.0,62.63262812680857
39055,400.301,41.499322,-81.173505,95397,1.0,238.3131693400716
39057,413.559,39.687479,-83.894894,167966,2.0,406.14761134445143
39059,522.254,40.056665,-81.497875,38438,6.0,73.60020220046184
39061,405.407,39.196927,-84.544187,830639,1.0,2048.9014743208677
39063,531.325,41.000217,-83.665947,74920,4.0,141.0059756269703
39065,470.285,40.660415,-83.664077,30696,6.0,65.27105903866804
39067,402.331,40.292318,-81.091565,14483,8.0,35.997723267657726
39069,416.01,41.331584,-84.0689,27662,6.0,66.49359390399269
39071,553.084,39.184422,-83.601359,43317,6.0,78.31902568145165
39073,421.349,39.490342,-82.483447,28050,1.0,66.57189170972282
39075,422.612,40.565597,-81.930001,44223,9.0,104.6420830454412
39077,492.243,41.14508,-82.594641,58565,4.0,118.97579041245889
39079,420.31,39.013477,-82.614142,32653,7.0,77.68789702838382
39081,408.124,40.399384,-80.763527,65249,3.0,159.87543001636757
39083,525.499,40.40362,-82.422393,62721,6.0,119.35512722193572
39085,229.27,41.778142,-81.19733,232603,1.0,1014.5374449339207
39087,453.393,38.603866,-82.517186,58240,2.0,128.4536814639838
39089,682.427,40.091505,-82.483435,178519,1.0,261.59428041387577
39091,458.506,40.387553,-83.766343,46150,4.0,100.6529903643573
39093,490.536,41.438805,-82.179722,312964,1.0,638.004142407489
39095,339.663,41.682321,-83.468903,431279,2.0,1269.7261697623821
39097,465.814,39.896607,-83.400885,43824,1.0,94.08046988712232
39099,411.488,41.01088,-80.770396,228614,2.0,555.5787775099152
39101,403.806,40.588034,-83.168803,65359,4.0,161.85742658603388
39103,421.458,41.116174,-81.899764,182470,1.0,432.9494279382524
39105,430.102,39.089807,-82.028397,22210,8.0,51.63891356003925
39107,462.447,40.535333,-84.632059,42528,7.0,91.96297089179949
39109,406.521,40.053326,-84.228413,108774,2.0,267.57289291328124
39111,455.723,39.726253,-81.090983,13385,8.0,29.37091171610825
39113,461.351,39.753736,-84.290591,537309,2.0,1164.642538977915
39115,416.426,39.624946,-81.861697,13802,8.0,33.14394394202091
39117,406.134,40.525266,-82.797729,34950,1.0,86.05534134054277
39119,664.546,39.966046,-81.943506,86410,4.0,130.0286210435395
39121,398.012,39.767232,-81.452493,14115,9.0,35.463754861662466
39123,254.704,41.545495,-83.012613,40364,3.0,158.4741503863308
39125,416.435,41.118948,-84.582125,18806,8.0,45.159508686829874
39127,407.934,39.743187,-82.237952,35408,1.0,86.79835463579893
39129,501.228,39.648947,-83.052827,58539,1.0,116.79116090880797
39131,440.282,39.071341,-83.052911,27088,9.0,61.524204941378486
39133,487.405,41.16897,-81.196962,161791,2.0,331.9436608159539
39135,424.226,39.73881,-84.644758,40999,6.0,96.64424151277856
39137,482.544,41.024533,-84.129879,34451,6.0,71.39452568055971
39139,495.227,40.774159,-82.542781,124936,3.0,252.28026743291463
39141,689.166,39.323895,-83.059538,77093,4.0,111.86419527370764
39143,408.246,41.355319,-83.142776,58896,4.0,144.26595729045724
39145,610.145,38.814889,-82.998675,74008,4.0,121.29575756582452
39147,551.026,41.119992,-83.127547,55069,4.0,99.93902284102748
39149,407.694,40.33668,-84.204142,48230,4.0,118.29950894543457
39151,575.265,40.814131,-81.365667,374853,2.0,651.6179499882663
39153,412.793,41.121847,-81.534928,540428,2.0,1309.1985571460757
39155,618.101,41.306374,-80.7704,201977,2.0,326.770220400873
39157,567.389,40.44749,-81.471105,93263,4.0,164.3722384466389
39159,431.759,40.295901,-83.367042,62784,1.0,145.41445574961958
39161,409.15,40.85552,-84.585775,28931,6.0,70.71000855431994
39163,412.36,39.252042,-82.485961,12800,8.0,31.04083810262877
39165,401.427,39.425663,-84.16994,242337,1.0,603.688840063075
39167,631.974,39.450676,-81.490636,59771,4.0,94.57825796630874
39169,554.789,40.829661,-81.887194,116894,4.0,210.69992375479688
39171,420.66,41.564959,-84.584324,37102,7.0,88.19949603004801
39173,617.162,41.360183,-83.622682,132248,2.0,214.28409396560383
39175,406.879,40.839782,-83.313681,21900,7.0,53.82435564381548
42001,518.69,39.869471,-77.21773,103852,3.0,200.21978445699742
42003,729.954,40.469757,-79.980451,1250578,1.0,1713.2285048098922
42005,653.321,40.81238,-79.464129,65558,1.0,100.34577183344787
42007,434.695,40.68414,-80.350721,168215,1.0,386.97247495370317
42009,1012.241,39.998634,-78.494747,47577,8.0,47.00165276846127
42011,856.403,40.413957,-75.92686,428849,2.0,500.7560692804673
42013,525.276,40.498683,-78.309597,122822,3.0,233.82374218506084
42015,1147.474,41.791504,-76.502123,59967,6.0,52.260007634159905
42017,604.367,40.336887,-75.10706,646538,1.0,1069.777138725311
42019,789.486,40.913847,-79.918978,193763,1.0,245.429304636181
42021,687.51,40.510227,-78.710477,133472,3.0,194.13826707975156
42023,396.233,41.438291,-78.198323,4547,9.0,11.475571191697814
42025,381.324,40.918367,-75.705039,64749,2.0,169.8004846272461
42027,1108.708,40.909128,-77.847877,158172,3.0,142.66335229835087
42029,750.546,39.974029,-75.749751,534413,1.0,712.0323071470635
42031,600.835,41.198159,-79.420369,37241,6.0,61.98207494570056
42033,1145.325,41.006862,-78.477724,80562,4.0,70.33985986510379
42035,887.984,41.239508,-77.629009,37450,6.0,42.174183318618354
42037,483.212,41.045517,-76.40426,64727,4.0,133.95155749443308
42039,1012.355,41.687876,-80.107795,83938,4.0,82.91360244183117
42041,545.48,40.164805,-77.263442,259469,2.0,475.67096868812786
42043,524.87,40.412565,-76.792634,286401,2.0,545.6608303008364
42045,183.815,39.916685,-75.398818,576830,1.0,3138.1008078774857
42047,826.901,41.427332,-78.653937,30990,7.0,37.47727962597699
42049,798.913,42.117952,-80.096386,270876,2.0,339.0556919213982
42051,790.758,39.918907,-79.640119,128804,1.0,162.8867491697839
42053,427.259,41.513304,-79.249705,6973,9.0,16.32031156745674
42055,772.299,39.926772,-77.724521,155932,3.0,201.90625651464006
42057,437.551,39.91075,-78.122617,14556,8.0,33.26697916357179
42059,575.932,39.847707,-80.225655,35954,6.0,62.42750880312259
42061,874.652,40.422311,-77.968595,44092,6.0,50.41090628044068
42063,827.404,40.651432,-79.087545,83246,4.0,100.61106787010941
42065,652.435,41.138028,-79.012419,44492,7.0,68.19376642883967
42067,391.391,40.530673,-77.400438,23509,8.0,60.06525443865597
42069,459.013,41.440284,-75.609666,215896,2.0,470.3483343609005
42071,943.924,40.041992,-76.250198,552984,2.0,585.8353002996004
42073,357.365,40.992735,-80.334446,86070,1.0,240.84619366753878
42075,361.835,40.371448,-76.464819,143257,3.0,395.91802893584094
42077,345.332,40.614241,-75.590627,374557,2.0,1084.6287051301356
42079,889.663,41.173078,-75.976053,325594,2.0,365.9745319295059
42081,1228.92,41.343882,-77.055262,114188,3.0,92.91735833089216
42083,979.694,41.81459,-78.572463,40432,7.0,41.27002921320331
42085,672.52,41.300014,-80.252786,110652,4.0,164.53339677630404
42087,411.045,40.601615,-77.651832,46143,4.0,112.25778199467211
42089,608.357,41.05624,-75.329065,168327,4.0,276.6911533852656
42091,482.971,40.209999,-75.370201,856553,1.0,1773.5081402403043
42093,130.241,41.029284,-76.665225,18136,6.0,139.2495450741318
42095,369.788,40.752791,-75.307447,312951,2.0,846.2984196350341
42097,457.664,40.851524,-76.709877,91647,4.0,200.24952803803663
42099,551.449,40.39778,-77.266328,45842,2.0,83.1300809322349
42101,134.356,40.009376,-75.133346,1603797,1.0,11936.921313525261
42103,544.895,41.325949,-75.031514,58535,6.0,107.42436616228815
42105,1081.249,41.748587,-77.894436,16396,9.0,15.16394466029564
42107,778.579,40.703682,-76.217788,143049,4.0,183.73087380985103
42109,328.784,40.755407,-77.072929,39736,7.0,120.85746265025062
42111,1075.047,39.981297,-79.028486,74129,6.0,68.95419456079594
42113,449.939,41.439285,-76.511717,5840,8.0,12.979537226157323
42115,823.498,41.819665,-75.800969,38434,8.0,46.67163733245253
42117,1133.805,41.766859,-77.257288,41045,8.0,36.20111042022217
42119,315.952,40.962179,-77.055475,42681,6.0,135.08697523674482
42121,674.265,41.400714,-79.765813,50454,4.0,74.82814620364397
42123,884.282,41.834298,-79.298182,38587,6.0,43.63653223745366
42125,857.01,40.200005,-80.252132,209349,1.0,244.2783631462877
42127,725.769,41.646602,-75.292493,51155,6.0,70.4838591893564
42129,1027.712,40.311068,-79.466688,354663,1.0,345.0995998879063
42131,397.376,41.525173,-76.008731,26069,2.0,65.60285472700919
42133,904.366,39.921751,-76.728889,456438,2.0,504.7049535254532
54001,341.059,39.139725,-79.996947,15465,9.0,45.344060705039304
54003,321.147,39.447938,-78.037754,122076,2.0,380.12498949079395
54005,501.534,38.022814,-81.713538,21809,3.0,43.48458928008869
54007,510.735,38.69933,-80.73166,12447,8.0,24.370759787365266
54009,89.196,40.272645,-80.578691,22559,3.0,252.9149289205794
54011,281.023,38.419578,-82.243397,94350,2.0,335.7376442497589
54013,279.25,38.844159,-81.115478,6229,8.0,22.30617726051925
54015,341.939,38.459826,-81.081866,8051,3.0,23.54513524342061
54017,319.723,39.264307,-80.711498,7808,9.0,24.421139548922035
54019,661.613,38.030933,-81.086051,40488,3.0,61.195895485729565
54021,338.503,38.915867,-80.849413,7408,9.0,21.884591864769295
54023,477.372,39.105988,-79.195064,10976,9.0,22.992550882749722
54025,1019.813,37.924418,-80.45059,32977,6.0,32.3363204822845
54027,640.402,39.312139,-78.611989,23093,3.0,36.06016221061146
54029,82.609,40.516958,-80.570164,29095,3.0,352.2013339950853
54031,582.315,39.011361,-78.841729,14299,8.0,24.555438207842833
54033,416.008,39.279182,-80.386498,65921,5.0,158.4608949827888
54035,464.359,38.834234,-81.677717,27791,8.0,59.84809167045325
54037,209.296,39.307398,-77.86322,57701,1.0,275.69088754682366
54039,901.648,38.328068,-81.523516,180745,3.0,200.46071194080173
54041,386.93,38.988877,-80.495477,17033,9.0,44.02088233013723
54043,437.093,38.17177,-82.077623,20463,8.0,46.81612379974056
54045,453.717,37.830591,-81.940853,32567,6.0,71.77822298922015
54047,533.458,37.38276,-81.658204,19111,9.0,35.82475096446206
54049,308.753,39.505839,-80.243402,56205,4.0,182.038717032709
54051,305.431,39.854426,-80.671794,30591,3.0,100.15682756498195
54053,430.768,38.770914,-82.029007,25453,6.0,59.08749024997215
54055,418.962,37.403448,-81.106456,59664,4.0,142.40909676772594
54057,327.882,39.404781,-78.95669,26938,7.0,82.15760548002025
54059,423.14,37.721161,-82.158989,23568,8.0,55.69787777095051
54061,360.092,39.633645,-80.059074,105822,3.0,293.874898637015
54063,472.754,37.554062,-80.550329,12376,8.0,26.178519906759117
54065,229.073,39.557345,-78.256517,17063,2.0,74.48717221147844
54067,646.846,38.291432,-80.797515,24604,8.0,38.036874310114
54069,105.83,40.100323,-80.6199,42425,3.0,400.87876783520744
54071,696.05,38.67445,-79.340617,6143,8.0,8.825515408375836
54073,130.119,39.368133,-81.161172,7653,8.0,58.8153920641874
54075,940.239,38.332606,-80.010121,7869,9.0,8.369148695172184
54077,648.814,39.46903,-79.668865,34216,3.0,52.73622332440422
54079,345.679,38.510518,-81.906109,57440,2.0,166.1657202202043
54081,605.359,37.762469,-81.264672,74591,3.0,123.21779307815692
54083,1039.7,38.781095,-79.867788,27932,7.0,26.865441954409924
54085,451.99,39.177112,-81.066317,8444,8.0,18.681829244009823
54087,483.563,38.74295,-81.354494,14028,8.0,29.009663683946044
54089,360.592,37.655999,-80.856325,11959,8.0,33.16490659803878
54091,172.771,39.332478,-80.046554,16705,6.0,96.68868039196394
54093,419.044,39.111175,-79.559968,6762,9.0,16.13673027176144
54095,256.302,39.465634,-80.877219,8313,9.0,32.434393801062804
54097,354.638,38.90253,-80.231606,23816,7.0,67.1558039465596
54099,506.005,38.143642,-82.422666,38982,2.0,77.03876443908658
54101,553.47,38.483459,-80.449052,8378,9.0,15.137225143187525
54103,358.067,39.59818,-80.635399,14442,7.0,40.333233724414704
54105,232.511,39.020034,-81.382975,5194,3.0,22.3387280601778
54107,366.5,39.211602,-81.516234,84296,3.0,230.00272851296043
54109,499.47,37.60366,-81.549032,21382,8.0,42.809377940617054
