fipsCode,elev_mean,elev_std,elev_min,elev_max,elev_range,elev_p90_p10,tri_km,slope_pct,ers_topo_code,ers_pct_water
18001,252.61666666666667,6.712224281284103,240.0,270.0,30.0,17.19999999999999,3.4,0.2268892841556629,1,0.17
18003,244.93333333333337,10.26243217391929,227.0,266.0,39.0,28.200000000000017,4.483333333333333,0.2265178071923076,2,0.43
18005,205.81666666666663,19.597208091249925,180.0,282.0,102.0,42.400000000000006,9.6,0.4388893719377064,4,0.62
18007,230.31666666666663,9.71717275382524,212.0,262.0,50.0,25.09999999999999,5.366666666666666,0.249289987339576,2,0.02
18009,272.3666666666667,6.18353929332469,255.0,287.0,32.0,16.0,4.616666666666666,0.6102172316511032,2,0.18
18011,281.5,11.740845694715464,253.0,297.0,44.0,30.399999999999977,3.0166666666666666,0.1375691212176144,2,0.13
18013,240.75,30.886684641372455,172.0,295.0,123.0,79.20000000000002,28.116666666666667,1.8750873747672228,14,1.38
18015,211.08333333333337,15.049400761387018,168.0,243.0,75.0,31.09999999999999,5.033333333333333,0.199237958530768,2,0.75
18017,226.03333333333333,15.66488750565965,180.0,261.0,81.0,37.5,7.25,0.3525656897663192,2,0.5
18019,187.4,36.18136986660025,135.0,288.0,153.0,89.4,17.7,1.124751098266373,4,0.28
18021,188.03333333333333,17.876190648188878,157.0,227.0,70.0,50.099999999999994,9.05,0.5090080950509257,4,0.77
18023,262.46666666666664,16.65753422111699,208.0,285.0,77.0,41.0,5.066666666666666,0.254577087879737,2,0.04
18025,203.16666666666663,36.36452297326952,123.0,267.0,144.0,92.4,26.516666666666666,1.7096003810123523,14,1.03
18027,152.75,16.609804129499512,133.0,200.0,67.0,41.19999999999999,8.95,0.5235223070752779,4,1.41
18029,253.76666666666668,35.673361217650516,146.0,305.0,159.0,84.19999999999999,16.05,1.067081989527149,5,0.6
18031,273.0833333333333,22.62014376512232,232.0,322.0,90.0,59.60000000000002,6.25,0.3374603573210998,2,0.22
18033,273.73333333333335,14.825386686204183,245.0,302.0,57.0,37.30000000000001,4.9,0.2827322996347178,4,0.26
18035,287.6,12.102948233063024,267.0,319.0,52.0,31.100000000000023,5.133333333333334,0.2714892458440293,2,0.66
18037,171.51666666666668,24.35715303467961,135.0,222.0,87.0,63.19999999999999,14.283333333333331,0.6849272711326282,14,1.18
18039,254.78333333333333,12.319327059910355,232.0,284.0,52.0,35.0,5.716666666666667,0.4882278611427101,2,0.86
18041,292.78333333333336,28.54974348584142,241.0,353.0,112.0,78.4,13.233333333333333,1.092249042033107,4,0.07
18043,234.96666666666667,51.24317785653187,137.0,296.0,159.0,139.1,18.2,1.1955515156610637,14,0.21
18045,197.76666666666668,20.230340250887195,149.0,233.0,84.0,54.5,9.133333333333333,0.738394002731508,4,0.56
18047,279.81666666666666,33.806273445823415,194.0,321.0,127.0,85.40000000000003,25.733333333333334,1.4970674016788532,5,1.36
18049,239.15,10.482956304466596,220.0,269.0,49.0,27.19999999999999,5.183333333333334,0.4029625995974427,1,0.77
18051,132.9,11.417649139135726,113.0,163.0,50.0,29.09999999999999,8.216666666666667,0.4932467969390772,4,2.05
18053,261.48333333333335,8.13340395449566,239.0,281.0,42.0,17.299999999999983,3.2666666666666666,0.1689276017293052,2,0.2
18055,177.65,28.06640128972598,142.0,254.0,112.0,71.29999999999998,14.45,0.7851329154352465,14,0.7
18057,261.65,14.42552469450815,232.0,292.0,60.0,36.30000000000001,5.266666666666667,0.3393555417497641,2,1.17
18059,271.6666666666667,15.378464654875106,249.0,306.0,57.0,39.10000000000002,3.8666666666666663,0.2223990590296001,2,0.19
18061,214.35,31.71687515332375,124.0,294.0,170.0,75.9,20.066666666666663,0.853955149268739,14,0.34
18063,265.4166666666667,23.593515100600417,213.0,307.0,94.0,58.30000000000001,6.55,0.2736420325053401,4,0.12
18065,321.3333333333333,11.337154556868652,294.0,350.0,56.0,25.5,4.75,0.2345449483275301,2,0.5
18067,251.31666666666663,7.34498945244288,230.0,266.0,36.0,19.0,2.683333333333333,0.1775770191017546,2,0.29
18069,247.71666666666667,12.052275496053364,216.0,269.0,53.0,34.10000000000002,5.75,0.2864282429717915,2,1.38
18071,189.06666666666663,33.37961758403618,156.0,272.0,116.0,85.19999999999999,11.283333333333331,0.8924570477241067,14,0.86
18073,208.46666666666667,6.6853410766193875,197.0,226.0,29.0,18.09999999999999,4.05,0.2108525692795731,1,0.24
18075,282.5,16.607635572893386,254.0,313.0,59.0,45.10000000000002,7.533333333333333,0.4515396719011859,2,0.05
18077,237.48333333333332,27.937273362621724,154.0,281.0,127.0,73.40000000000003,18.116666666666667,0.8171733169706508,14,0.44
18079,219.76666666666668,26.085496110763025,162.0,267.0,105.0,70.19999999999999,9.5,0.577155615512952,4,0.3
18081,234.75,15.561387459382178,205.0,267.0,62.0,43.20000000000002,5.366666666666666,0.2381912051817695,14,0.42
18083,141.51666666666668,13.987272261264328,119.0,182.0,63.0,34.7,8.6,0.3134354366470924,4,1.57
18085,262.71666666666664,11.990238496753914,240.0,288.0,48.0,31.0,7.266666666666667,0.2872354943200975,2,3.04
18087,279.1,15.832491800413775,253.0,315.0,62.0,40.60000000000002,7.033333333333333,0.4553228650416391,2,1.85
18089,199.05,18.000400183875385,175.0,238.0,63.0,46.5,4.8,0.1882566160193196,2,20.65
18091,222.6,21.587975309558367,175.0,282.0,107.0,51.70000000000002,8.816666666666666,0.2729476824063175,4,2.42
18093,208.58333333333337,30.893634727345805,146.0,265.0,119.0,87.39999999999998,23.233333333333334,1.5216760660702984,14,0.71
18095,268.18333333333334,7.498003500744392,253.0,288.0,35.0,19.19999999999999,4.05,0.2292288938958315,2,0.17
18097,241.53333333333333,18.1168211626529,201.0,281.0,80.0,46.400000000000034,7.45,0.3872733216758489,2,1.66
18099,244.48333333333332,10.375152303013891,218.0,263.0,45.0,24.09999999999999,6.2,0.3238109185509478,4,1.26
18101,189.28333333333333,33.65432032943406,138.0,252.0,114.0,93.1,22.8,1.4819483522548542,14,1.29
18103,240.7,14.358957518460356,198.0,262.0,64.0,35.20000000000002,6.766666666666667,0.2874272962143984,4,0.43
18105,229.31666666666663,31.476378911471553,164.0,292.0,128.0,86.29999999999998,23.25,1.799969384119048,14,4.13
18107,245.95,12.127046393796313,223.0,285.0,62.0,27.40000000000001,6.35,0.3303761439390947,4,0.16
18109,228.43333333333337,26.118612537881003,173.0,284.0,111.0,71.60000000000002,25.066666666666663,1.125836625724277,14,0.71
18111,205.31666666666663,5.037122082107649,197.0,220.0,23.0,12.0,3.55,0.2066903227795032,1,0.42
18113,282.96666666666664,10.14298900663412,264.0,310.0,46.0,24.5,6.683333333333334,0.3756096018983679,4,1.56
18115,227.76666666666668,43.17892088785393,138.0,279.0,141.0,119.40000000000003,22.1,2.5316464981995965,14,0.86
18117,217.88333333333333,32.316806598124224,150.0,280.0,130.0,82.50000000000003,26.1,1.418595730205126,14,2.13
18119,214.53333333333333,28.15782798505876,162.0,287.0,125.0,78.19999999999999,19.5,0.9712683100017578,14,0.68
18121,204.01666666666668,21.632125879268017,143.0,236.0,93.0,58.099999999999994,16.783333333333335,1.0179902912142484,4,1.18
18123,168.28333333333333,33.17395939469547,117.0,232.0,115.0,86.19999999999999,24.083333333333332,1.197056523977389,14,1.28
18125,148.61666666666667,14.326805109052344,122.0,182.0,60.0,39.099999999999994,11.516666666666667,0.5767777581121825,4,1.44
18127,206.26666666666668,19.972749797243164,175.0,257.0,82.0,54.30000000000001,5.633333333333334,0.3834972938339068,4,19.83
18129,122.76666666666668,13.878854378876396,102.0,157.0,55.0,38.0,7.016666666666667,0.5226750266796222,4,2.61
18131,214.68333333333337,6.872918277538117,204.0,235.0,31.0,16.099999999999994,3.566666666666667,0.2356372229785202,1,0.2
18133,241.73333333333332,25.61571727965884,178.0,285.0,107.0,71.1,14.233333333333333,0.7995271270633325,4,0.47
18135,332.03333333333336,23.415891074273897,292.0,374.0,82.0,63.19999999999999,5.733333333333333,0.358741678883019,2,0.08
18137,283.8333333333333,25.966188358192035,190.0,316.0,126.0,37.5,9.083333333333334,0.4766195110253691,4,0.35
18139,299.51666666666665,11.761026800940018,275.0,323.0,48.0,29.30000000000001,5.0,0.3773525457518594,2,0.08
18141,238.33333333333337,16.305002525134206,205.0,271.0,66.0,40.099999999999994,5.383333333333334,0.3135959025698767,4,0.79
18143,189.75,24.107545059867864,162.0,294.0,132.0,45.0,9.133333333333333,0.7548182802517209,4,1.21
18145,239.66666666666663,15.319940109927042,212.0,279.0,67.0,35.49999999999997,5.75,0.2606164453083837,2,0.11
18147,133.91666666666666,16.986826068662904,108.0,182.0,74.0,40.400000000000006,11.25,0.7404444478574556,4,0.63
18149,216.86666666666667,7.1957300584059105,203.0,230.0,27.0,20.0,5.15,0.3344310360069028,1,0.96
18151,308.75,12.707431430439511,284.0,336.0,52.0,33.10000000000002,8.416666666666666,0.6073858523278206,4,4.27
18153,153.86666666666667,14.459137825841022,128.0,186.0,58.0,37.19999999999999,8.066666666666666,0.4247452160055147,4,1.51
18155,234.6,42.778974718500464,142.0,289.0,147.0,117.50000000000004,22.566666666666663,1.4353134505762972,14,1.05
18157,207.73333333333332,21.754303425164508,158.0,252.0,94.0,54.19999999999999,8.6,0.3658914572198617,2,0.65
18159,269.3833333333333,6.689459623654004,260.0,283.0,23.0,19.100000000000023,1.7166666666666666,0.1448131329559766,2,0.01
18161,294.4166666666667,24.372318047441645,227.0,337.0,110.0,55.30000000000001,10.066666666666666,0.9616235764690242,4,2.24
18163,133.05,18.04741870833329,106.0,178.0,72.0,46.400000000000006,10.55,0.6920937484259762,4,0.5
18165,179.96666666666667,16.379986410319756,143.0,205.0,62.0,42.19999999999999,10.916666666666666,0.8984782096455073,4,1.17
18167,167.58333333333334,16.33888122081872,134.0,197.0,63.0,44.30000000000001,6.35,0.3451531670465602,4,1.75
18169,244.15,14.519215788693412,199.0,275.0,76.0,28.19999999999999,8.016666666666667,0.4705552179043389,4,1.88
18171,212.43333333333337,17.953203450200572,164.0,243.0,79.0,41.400000000000006,8.583333333333334,0.4546442124381212,2,0.47
18173,133.73333333333332,16.379882935227325,116.0,198.0,82.0,32.099999999999994,11.516666666666667,0.8774428000905674,4,1.74
18175,235.93333333333337,35.617014914397714,156.0,304.0,148.0,103.6,20.766666666666666,0.8664565434421763,4,0.41
18177,319.98333333333335,26.107659546685714,258.0,363.0,105.0,70.40000000000003,14.0,0.6220906942109594,4,0.2
18179,256.3666666666667,6.722001988579241,244.0,275.0,31.0,16.099999999999994,3.533333333333333,0.3629881899808553,1,0.12
18181,210.95,7.240247678130767,198.0,231.0,33.0,18.0,2.85,0.2169068032438965,1,0.7
18183,265.7,11.517562124344526,245.0,292.0,47.0,29.09999999999999,5.85,0.4075036710189613,4,0.7
39001,262.3,49.39920400099786,163.0,365.0,202.0,138.90000000000003,36.266666666666666,1.7778031022081524,14,0.32
39003,261.76666666666665,20.72611279069062,232.0,314.0,82.0,45.099999999999994,3.783333333333333,0.249637782877131,2,0.6
39005,346.51666666666665,27.595437885462072,289.0,413.0,124.0,67.20000000000005,20.266666666666666,0.9922690389009154,5,0.58
39007,234.35,61.9887428271306,172.0,343.0,171.0,145.7,12.1,0.296723747400647,4,48.66
39009,254.5,26.80469222773746,187.0,319.0,132.0,58.39999999999998,26.75,1.7217261562486823,18,0.35
39011,285.1333333333333,22.291190527678033,250.0,323.0,73.0,58.30000000000001,4.616666666666666,0.237164446822718,2,0.12
39013,331.3,44.23523405842213,200.0,402.0,202.0,108.10000000000002,40.63333333333333,1.7987040107464534,18,0.76
39015,279.6333333333333,24.07612691039922,177.0,322.0,145.0,51.80000000000001,12.55,0.5041175664918216,14,0.7
39017,232.78333333333333,33.4274279275733,178.0,299.0,121.0,81.19999999999999,13.25,0.7827135347998891,5,0.62
39019,343.6666666666667,28.601094364902483,280.0,404.0,124.0,70.20000000000005,27.016666666666666,1.840772622637656,18,1.09
39021,341.8,26.74094175794291,288.0,411.0,123.0,63.80000000000001,10.1,0.4459605712727976,4,0.27
39023,324.55,26.67597471731153,245.0,374.0,129.0,52.10000000000002,9.25,0.630745806675947,4,0.94
39025,245.15,40.36478789359502,148.0,295.0,147.0,107.1,23.733333333333334,1.1980396183976236,14,1.24
39027,311.8,16.5783195157441,256.0,344.0,88.0,34.69999999999999,7.05,0.2949869999495085,4,0.34
39029,349.06666666666666,24.597689478559076,266.0,389.0,123.0,55.69999999999999,20.05,1.1338407741204002,19,0.5
39031,292.65,35.35046088448866,221.0,374.0,153.0,89.79999999999998,30.033333333333335,1.5589672678666466,18,0.61
39033,306.93333333333334,16.480976878512283,276.0,346.0,70.0,42.80000000000001,5.3,0.4101139740883822,2,0.13
39035,196.5,48.92245680320048,172.0,341.0,169.0,117.2,6.383333333333334,0.1601269894636954,5,63.21
39037,319.43333333333334,16.688945561502745,293.0,359.0,66.0,43.30000000000001,4.333333333333333,0.1746773615810803,2,0.08
39039,222.38333333333333,10.783055864888707,213.0,263.0,50.0,14.199999999999989,3.3,0.1625922908564062,2,0.72
39041,291.56666666666666,18.82062217911617,270.0,343.0,73.0,56.10000000000002,5.95,0.3438671436261967,4,2.95
39043,185.48333333333332,23.456769950212134,172.0,259.0,87.0,45.400000000000006,1.55,0.0939888751456658,2,59.33
39045,282.81666666666666,25.972927017436973,233.0,362.0,129.0,64.1,18.933333333333337,0.8022715784673673,18,0.56
39047,298.6666666666667,19.211284348728057,263.0,330.0,67.0,48.30000000000001,4.3,0.2451271003176403,4,0.12
39049,265.0,25.989567659325232,221.0,325.0,104.0,62.19999999999999,10.55,0.4365930166845752,4,0.62
39051,225.41666666666663,10.431847694808605,203.0,248.0,45.0,27.299999999999983,3.95,0.1709717450015191,2,0.13
39053,227.65,26.93672749492026,175.0,291.0,116.0,70.30000000000001,26.6,1.460886055177924,18,0.5
39055,360.96666666666664,27.64727385136606,288.0,409.0,121.0,73.19999999999999,18.166666666666668,0.8558812149958577,5,1.12
39057,298.31666666666666,26.4962368077384,226.0,338.0,112.0,68.10000000000002,10.633333333333333,0.546529339223505,4,0.32
39059,297.78333333333336,29.677984573780986,235.0,374.0,139.0,76.90000000000003,27.083333333333332,1.3278820319322535,18,1.19
39061,220.68333333333337,42.30498294434007,140.0,280.0,140.0,115.20000000000002,32.11666666666667,1.6510572906094576,5,1.31
39063,245.33333333333337,15.890159695271882,216.0,285.0,69.0,45.10000000000002,5.45,0.3059541800418697,2,0.42
39065,300.1333333333333,15.123745687356,273.0,337.0,64.0,39.10000000000002,4.516666666666667,0.1975782292590345,2,0.05
39067,341.68333333333334,33.816299182428,261.0,399.0,138.0,87.69999999999999,22.183333333333337,1.686685725743598,18,1.76
39069,211.75,7.160685981720855,198.0,232.0,34.0,17.099999999999994,2.5166666666666666,0.1951338843567348,1,0.83
39071,306.78333333333336,24.168260224101505,238.0,371.0,133.0,58.30000000000001,10.933333333333334,0.4978948704930107,4,0.82
39073,283.3,33.39202178131878,208.0,349.0,141.0,89.40000000000003,29.466666666666665,1.278012399736725,18,0.2
39075,329.81666666666666,35.87383337342073,244.0,390.0,146.0,95.8,19.716666666666665,1.071803568986695,18,0.24
39077,267.0833333333333,28.427899680173148,207.0,346.0,139.0,74.29999999999998,7.983333333333333,0.2811234244743005,2,0.37
39079,243.11666666666667,24.41178630773388,184.0,292.0,108.0,59.400000000000006,23.35,1.34249548922486,18,0.29
39081,344.85,35.674054095283594,196.0,399.0,203.0,72.80000000000001,29.583333333333332,1.4018473452612286,19,0.31
39083,340.4,31.845069862951643,262.0,403.0,141.0,82.19999999999999,19.9,1.0248297155349446,5,0.46
39085,186.65,35.62508400227979,172.0,343.0,171.0,42.19999999999999,7.633333333333334,0.1715476783641951,5,75.0
39087,236.85,32.78374183667202,166.0,285.0,119.0,93.2,32.6,2.422371258019986,19,0.4
39089,318.3833333333333,29.832351718219396,261.0,382.0,121.0,74.5,21.583333333333332,0.970653309992082,18,0.27
39091,339.03333333333336,35.16978993815268,299.0,452.0,153.0,83.40000000000003,11.35,0.5610401081815961,4,1.78
39093,216.11666666666667,43.17881294113642,172.0,301.0,129.0,94.0,4.2,0.1290020245020339,4,46.64
39095,188.9,15.867779954296257,172.0,215.0,43.0,39.0,2.3333333333333335,0.1195832096022474,1,39.29
39097,304.8833333333333,18.555543432904233,273.0,347.0,74.0,49.10000000000002,4.316666666666666,0.1937026534808748,4,0.15
39099,330.25,24.61749756658215,258.0,373.0,115.0,58.69999999999999,15.983333333333333,0.8761084253178091,5,1.92
39101,291.18333333333334,12.624286073677847,268.0,327.0,59.0,28.30000000000001,4.133333333333334,0.2146806060641009,2,0.07
39103,317.93333333333334,32.17898391263648,258.0,374.0,116.0,86.30000000000001,16.433333333333334,0.9505558762563722,4,0.37
39105,231.61666666666667,30.77148783008121,176.0,286.0,110.0,83.19999999999999,27.683333333333337,1.2979770267913011,2,0.68
39107,270.73333333333335,15.91595156201142,243.0,310.0,67.0,41.19999999999999,4.933333333333334,0.2615081570783672,2,2.12
39109,290.5833333333333,18.507251594494548,234.0,344.0,110.0,38.39999999999998,9.733333333333333,0.4143452836553883,4,0.53
39111,316.81666666666666,48.01570776413064,188.0,390.0,202.0,111.3,33.63333333333333,1.8742241675477411,18,0.42
39113,277.76666666666665,26.549197483269616,218.0,324.0,106.0,72.4,12.066666666666666,0.6418182607485472,4,0.58
39115,274.26666666666665,28.5507972322818,198.0,320.0,122.0,72.1,27.166666666666668,1.4817917081644871,18,0.99
39117,362.25,41.52337507917802,292.0,435.0,143.0,111.2,14.583333333333334,0.752378340433107,4,0.45
39119,277.01666666666665,29.939765330119055,218.0,334.0,116.0,79.39999999999998,25.883333333333333,0.966277144387618,18,1.18
39121,298.31666666666666,25.08189411566396,249.0,357.0,108.0,65.20000000000005,29.433333333333337,1.7114081510132582,18,1.38
39123,174.11666666666667,3.9449245085972273,169.0,189.0,20.0,8.0,1.4833333333333334,0.0503600228514524,1,58.88
39125,222.13333333333333,4.236510663136594,215.0,235.0,20.0,11.0,1.5,0.1693185634323833,1,0.63
39127,288.9,19.189244869042344,241.0,330.0,89.0,47.19999999999999,16.483333333333334,1.05308979253001,18,0.63
39129,236.25,21.22488545815653,200.0,285.0,85.0,51.099999999999994,8.383333333333333,0.442186867140468,4,0.93
39131,264.3,47.60690022625441,180.0,377.0,197.0,115.39999999999998,32.766666666666666,2.355727917603606,19,0.55
39133,335.21666666666664,24.28509458925453,283.0,384.0,101.0,64.19999999999999,14.85,0.8174821528856461,4,2.9
39135,317.7,23.694596394644176,262.0,362.0,100.0,62.5,8.95,0.4202162752336573,4,0.36
39137,225.7,4.74180827983501,216.0,237.0,21.0,12.099999999999994,2.4,0.1410682965031518,1,0.07
39139,362.68333333333334,32.14189497259579,313.0,445.0,132.0,88.60000000000002,15.766666666666667,0.6403028698559966,5,0.66
39141,250.86666666666667,40.1862050142375,177.0,350.0,173.0,104.39999999999998,30.416666666666668,1.5760365438041573,18,0.66
39143,198.55,15.389215902757844,174.0,237.0,63.0,42.099999999999994,3.7666666666666666,0.2030309374665496,1,2.06
39145,233.16666666666663,46.69016760959881,157.0,345.0,188.0,132.59999999999997,35.28333333333333,2.393723212881923,19,0.62
39147,246.21666666666667,22.96208493653763,201.0,294.0,93.0,64.30000000000001,6.1,0.2213031587249875,2,0.32
39149,303.55,11.09653328059974,277.0,340.0,63.0,25.100000000000023,4.75,0.2995562665271332,2,0.43
39151,335.95,25.26028905990251,291.0,390.0,99.0,66.69999999999999,17.866666666666667,0.9089842634070434,5,0.82
39153,315.15,31.041156386811828,205.0,387.0,182.0,56.80000000000001,22.216666666666665,1.1951612203814015,5,1.74
39155,304.0,33.084893372829924,246.0,365.0,119.0,91.10000000000002,17.95,0.654604044877811,4,2.88
39157,315.1,35.247166011814436,244.0,383.0,139.0,96.10000000000002,28.05,1.6429741806182403,18,0.68
39159,300.96666666666664,14.148086852359963,280.0,335.0,55.0,38.10000000000002,4.05,0.2321348743961058,4,0.08
39161,239.18333333333337,9.460876919736114,220.0,259.0,39.0,23.09999999999999,2.966666666666667,0.1975811744445191,1,0.1
39163,257.95,33.16339875448764,185.0,329.0,144.0,92.1,28.783333333333335,1.564473626043402,18,0.21
39165,261.0833333333333,26.183376578270956,190.0,312.0,122.0,58.69999999999999,13.616666666666667,0.793317599790808,5,1.79
39167,244.6,36.619065146496986,183.0,338.0,155.0,101.6,32.56666666666667,1.471273555416348,18,0.77
39169,330.15,28.191731568202037,254.0,382.0,128.0,69.30000000000001,20.0,0.676397962115862,5,0.17
39171,253.53333333333333,26.46805984749157,211.0,314.0,103.0,66.4,6.883333333333334,0.3227061646075531,2,0.3
39173,206.03333333333333,10.001638283880393,184.0,233.0,49.0,24.19999999999999,2.533333333333333,0.1515913034688391,1,0.52
39175,261.6333333333333,13.158701016034165,230.0,288.0,58.0,35.20000000000002,3.8833333333333337,0.2123956145364332,2,0.49
42001,210.21666666666667,74.97278413919227,129.0,434.0,305.0,174.9,25.9,0.927390328220148,16,0.29
42003,315.95,40.54937354528741,218.0,383.0,165.0,111.5,37.61666666666667,1.8262381485992123,19,1.95
42005,374.81666666666666,48.47102635059657,235.0,475.0,240.0,119.2,41.6,1.7129490717850795,19,1.58
42007,326.2,39.96133724709762,210.0,390.0,180.0,91.2,37.95,2.082503567578455,19,1.95
42009,447.35,104.10568700986803,296.0,903.0,607.0,234.00000000000009,90.1,2.847081500311953,16,0.28
42011,168.23333333333332,80.27186151704986,75.0,490.0,415.0,155.60000000000002,45.016666666666666,1.6564441881613967,10,0.75
42013,476.4166666666667,137.12932058816506,285.0,761.0,476.0,391.1,104.21666666666668,4.772783174782079,16,0.25
42015,407.85,105.99965222200704,219.0,665.0,446.0,262.40000000000015,66.13333333333334,2.4323138309357737,16,0.89
42017,94.1,57.0995859167508,1.0,196.0,195.0,159.29999999999998,22.083333333333332,0.6990469858846525,9,2.33
42019,392.1333333333333,35.67198334099501,310.0,468.0,158.0,96.70000000000005,21.25,0.839363587804519,15,0.79
42021,585.7666666666667,94.56705390153496,385.0,847.0,462.0,253.1,75.75,3.2254820508978623,16,0.78
42023,540.05,99.2205939872688,256.0,669.0,413.0,248.2,86.6,7.269764432831645,20,0.36
42025,386.65,126.85943442131104,179.0,622.0,443.0,325.4,69.58333333333333,4.0038068297442475,16,1.6
42027,452.18333333333334,120.49593729232036,271.0,748.0,477.0,310.20000000000005,86.01666666666667,3.630978438352699,16,0.39
42029,139.86666666666667,48.826384457678614,35.0,301.0,266.0,108.9,30.683333333333337,0.922817643004508,5,0.51
42031,426.4166666666667,49.84290292259683,291.0,508.0,217.0,113.5,41.56666666666667,1.9719029398184729,19,1.07
42033,514.7166666666667,80.55487479418825,334.0,683.0,349.0,202.60000000000008,45.1,1.7658482626971008,19,0.56
42035,436.8,130.36959196252238,171.0,702.0,531.0,320.59999999999997,118.71666666666668,4.396227497908526,20,0.81
42037,307.96666666666664,81.84192425017726,150.0,513.0,363.0,192.8,50.7,2.4907160984001635,16,0.87
42039,398.8833333333333,55.493499899298534,266.0,512.0,246.0,143.10000000000002,31.25,0.9945645364064178,5,2.4
42041,218.0,98.40835020378356,123.0,563.0,440.0,221.00000000000003,41.266666666666666,1.9540724094153028,16,0.19
42043,212.43333333333337,107.40235875746244,85.0,498.0,413.0,276.2,47.7,2.4584951667146293,16,5.78
42045,72.61666666666666,40.43496207729259,0.0,143.0,143.0,100.3,22.7,2.0346144617835975,5,3.43
42047,554.1333333333333,67.79292165107431,329.0,673.0,344.0,155.7,48.516666666666666,2.2608138741067263,15,0.43
42049,273.6,116.90300194779766,172.0,514.0,342.0,288.90000000000003,21.75,0.9318383102620748,5,48.54
42051,437.73333333333335,118.098331144894,279.0,685.0,406.0,284.1,55.766666666666666,2.794982578526321,16,0.99
42053,496.46666666666664,46.77695603413297,339.0,577.0,238.0,109.20000000000005,36.05,3.011796809287733,15,0.76
42055,267.0833333333333,111.61287388029756,150.0,568.0,418.0,317.5,51.25,2.4894304434823433,16,0.09
42057,334.85,99.93503398182818,179.0,632.0,453.0,268.2,69.35,3.57504489230159,16,0.11
42059,361.3,44.29726241684828,256.0,452.0,196.0,110.59999999999997,47.166666666666664,2.632780002775651,19,0.36
42061,355.8666666666667,121.41754077990356,179.0,709.0,530.0,325.7000000000001,73.68333333333334,3.0766990277098123,16,1.68
42063,444.81666666666666,70.21890509519757,299.0,610.0,311.0,197.8,43.7,1.923413301623184,19,0.58
42065,495.53333333333336,46.86239020599791,366.0,633.0,267.0,110.40000000000003,39.2,1.391862735588506,19,0.21
42067,313.73333333333335,130.08678546037038,134.0,642.0,508.0,351.1,78.41666666666667,5.107078349324188,16,0.5
42069,448.35,110.01522621891937,192.0,658.0,466.0,279.6,56.25,2.5747842544189616,16,1.24
42071,137.75,34.80240835227706,71.0,254.0,183.0,69.80000000000003,29.483333333333334,1.0646885080993778,10,3.53
42073,347.05,38.47007421580431,250.0,413.0,163.0,110.10000000000002,18.516666666666666,1.1682057337677196,19,0.63
42075,188.25,73.40729770215086,115.0,447.0,332.0,147.50000000000006,45.05,2.554787765149962,16,0.22
42077,175.78333333333333,59.89003812544009,88.0,449.0,361.0,111.3,25.283333333333335,1.9933797353674332,16,0.48
42079,367.3333333333333,111.58726412151296,170.0,698.0,528.0,272.2,60.916666666666664,2.245729515624727,16,1.78
42081,405.4,136.30029160469695,161.0,643.0,482.0,355.30000000000007,97.53333333333332,3.7623509949868854,20,0.72
42083,595.8833333333333,68.82872175082949,439.0,710.0,271.0,175.10000000000002,62.7,2.207575460061602,15,0.26
42085,370.93333333333334,41.97491852655266,281.0,477.0,196.0,112.10000000000002,28.0,1.4103540334538889,5,1.58
42087,316.8666666666667,120.08012390979654,148.0,574.0,426.0,309.0,85.6,4.78806149954944,16,0.67
42089,366.53333333333336,129.18131610019512,165.0,663.0,498.0,364.9,52.666666666666664,2.5121099430218563,20,1.41
42091,91.5,32.32069180330254,23.0,186.0,163.0,72.20000000000002,23.033333333333335,1.0368615711669995,10,0.89
42093,212.78333333333333,48.57393165225759,137.0,319.0,182.0,126.90000000000003,29.616666666666667,4.013434202433605,16,1.17
42095,183.13333333333333,81.68282326058036,67.0,463.0,396.0,136.8,34.63333333333333,2.055907418935931,16,0.94
42097,234.2,78.61142367495573,120.0,524.0,404.0,175.0,49.75,2.755260456285278,16,3.66
42099,251.65,105.64568622025774,114.0,628.0,514.0,219.4,64.13333333333334,3.0941720510932416,16,0.4
42101,36.63333333333333,32.83031188598539,-1.0,131.0,132.0,85.30000000000001,12.55,1.1194766036697448,5,5.29
42103,378.9,93.17665016297389,106.0,566.0,460.0,209.8,47.3,2.380180390608213,20,3.46
42105,624.4166666666666,91.27947244805635,341.0,765.0,424.0,227.6,82.25,2.679361535915184,20,0.02
42107,318.53333333333336,108.10548311823035,164.0,598.0,434.0,292.0,67.68333333333334,3.167455018073529,16,0.51
42109,249.71666666666667,103.48324873312389,141.0,624.0,483.0,222.6,59.21666666666667,3.5362423969780075,16,0.29
42111,687.8333333333334,88.77779663373745,486.0,842.0,356.0,220.80000000000007,60.36666666666667,2.6341199705787295,16,0.6
42113,539.3166666666667,107.07315599375632,287.0,743.0,456.0,271.40000000000003,63.983333333333334,4.703488137081879,16,0.53
42115,432.35,91.18166352239832,268.0,659.0,391.0,207.3,80.4,3.158379149961474,15,1.13
42117,523.3,84.12567273763295,312.0,723.0,411.0,207.59999999999997,66.95,2.7811443451354405,16,0.31
42119,298.56666666666666,164.6062962597773,142.0,625.0,483.0,387.2,60.93333333333333,3.02130904671509,16,0.12
42121,431.0833333333333,44.10630135489757,298.0,505.0,207.0,99.2,32.916666666666664,1.1430647197779282,15,1.17
42123,509.5833333333333,66.73684512452728,340.0,627.0,287.0,155.3,52.61666666666667,1.980876980729518,15,1.6
42125,345.95,32.36257778172138,231.0,414.0,183.0,69.30000000000001,33.266666666666666,1.169448629664971,19,0.45
42127,453.9,92.41371605586606,294.0,647.0,353.0,273.20000000000005,52.1,1.961468066278599,15,2.83
42129,417.93333333333334,128.04777533546445,224.0,833.0,609.0,303.0,68.91666666666667,2.1029400848414626,19,1.34
42131,430.4166666666667,163.09270439228328,179.0,707.0,528.0,428.2,73.2,4.357897342204493,16,1.88
42133,183.63333333333333,52.39063400144578,118.0,401.0,283.0,120.39999999999998,34.583333333333336,1.4562913540480733,10,0.63
54001,514.2166666666667,95.43887770993052,323.0,843.0,520.0,206.0000000000001,47.31666666666667,3.760073619300008,20,0.57
54003,202.88333333333333,77.53885667060942,113.0,424.0,311.0,212.3,30.1,1.6286929084386017,16,0.13
54005,423.68333333333334,131.62060161069613,203.0,820.0,617.0,340.1,95.61666666666666,5.4342438627505825,20,0.04
54007,397.6166666666667,77.7754463599996,287.0,602.0,315.0,207.5,61.1,5.338289309288635,19,0.52
54009,318.46666666666664,47.26860378681395,197.0,381.0,184.0,123.89999999999998,32.15,3.4410170879696893,19,3.7
54011,230.48333333333332,42.932146569203226,160.0,302.0,142.0,112.4,43.28333333333333,2.9929205181923,19,2.23
54013,305.56666666666666,51.88428019230339,214.0,437.0,223.0,131.3,43.016666666666666,3.24217593999336,19,0.01
54015,388.51666666666665,66.58637608569781,228.0,533.0,305.0,191.40000000000003,49.15,3.883148764659558,20,0.41
54017,335.5,48.46998022540186,237.0,442.0,205.0,123.10000000000002,44.166666666666664,2.6525633607902988,19,0.02
54019,545.4666666666667,185.50539913259837,208.0,1049.0,841.0,461.2000000000001,113.6,3.8943724583316297,20,0.66
54021,320.3333333333333,42.06599603716605,225.0,400.0,175.0,101.7,40.766666666666666,3.4619494138394757,19,0.01
54023,658.0666666666667,239.56711431222564,298.0,1175.0,877.0,626.6,101.66666666666669,5.114200780477888,20,0.62
54025,763.55,144.49777723937018,550.0,1186.0,636.0,354.0999999999999,69.38333333333334,3.001212782029016,20,0.31
54027,380.21666666666664,119.0311299072879,208.0,862.0,654.0,293.8,89.6,3.671964725012635,16,0.45
54029,325.5,43.99749607667406,202.0,397.0,195.0,102.3,31.1,4.322728512025305,19,6.02
54031,522.65,162.7773591261014,231.0,934.0,703.0,426.2999999999999,100.05,5.380279190085237,20,0.18
54033,363.6166666666667,37.526529222407795,301.0,462.0,161.0,85.20000000000005,39.21666666666667,2.1340253078962297,19,0.13
54035,245.75,40.564084055408394,171.0,329.0,158.0,108.5,37.95,1.7964144327354714,19,1.23
54037,160.61666666666667,47.71919688566048,100.0,486.0,386.0,53.39999999999998,18.616666666666667,1.2397065325557777,4,0.96
54039,320.18333333333334,77.66714980087842,181.0,559.0,378.0,186.1,53.7,2.735976606961096,20,0.87
54041,379.51666666666665,45.70112622083954,287.0,492.0,205.0,113.2,49.2,3.227630443028165,19,0.24
54043,279.98333333333335,48.72492546512432,197.0,438.0,241.0,126.2,43.56666666666667,2.2044720514580565,19,0.26
54045,440.01666666666665,138.89582630508286,195.0,809.0,614.0,366.49999999999994,89.3,5.574800054171654,20,0.31
54047,597.1,102.08532489698034,337.0,802.0,465.0,243.7,91.85,4.545050339710375,20,0.03
54049,366.3666666666667,43.15324159187819,264.0,456.0,192.0,117.10000000000002,33.03333333333333,2.97184013260255,19,0.59
54051,340.8833333333333,56.44138752713917,195.0,429.0,234.0,145.70000000000002,44.483333333333334,3.3238139980644883,19,1.66
54053,233.75,32.900273039926205,164.0,294.0,130.0,87.20000000000002,28.7,2.7840982594229766,18,2.91
54055,759.0333333333333,99.89841733136082,516.0,1009.0,493.0,244.9,75.65,4.527893396527277,20,0.05
54057,422.25,204.3629726155675,183.0,876.0,693.0,492.7000000000001,79.73333333333333,5.810716168278439,16,0.43
54059,429.3,103.9847283441831,256.0,630.0,374.0,262.6,75.6,5.018019165215623,20,0.24
54061,407.68333333333334,92.7938286351434,266.0,659.0,393.0,274.8,49.166666666666664,4.019236285210959,19,1.29
54063,706.0666666666667,113.30039069250137,497.0,1126.0,629.0,246.6,67.25,3.684315450469807,20,0.06
54065,274.1,86.21960530519176,121.0,567.0,446.0,188.20000000000005,46.9,3.265702228160972,16,0.29
54067,640.7833333333333,137.11693533186286,320.0,924.0,604.0,325.30000000000007,68.71666666666667,3.624185647122457,20,0.88
54069,331.25,49.97783406976622,190.0,401.0,211.0,127.0,32.15,3.04429329333646,19,2.46
54071,781.4833333333333,231.0268523292804,387.0,1385.0,998.0,532.5000000000001,151.91666666666666,5.241336418107241,20,0.03
54073,278.4,37.65598068509081,184.0,345.0,161.0,102.7,32.93333333333333,4.742994963901228,18,2.87
54075,961.3333333333334,198.36592335384273,602.0,1387.0,785.0,531.0000000000001,104.88333333333334,4.026190661498164,20,0.17
54077,626.7666666666667,107.44385473773713,452.0,886.0,434.0,269.9000000000001,71.33333333333333,3.2184363648069776,19,0.47
54079,253.66666666666663,40.940082993079365,169.0,336.0,167.0,100.9,35.71666666666667,2.103764081684267,19,1.19
54081,695.75,136.8418145282714,406.0,1029.0,623.0,358.70000000000005,82.1,4.718464183311257,20,0.4
54083,916.9333333333332,192.64104378717545,597.0,1338.0,741.0,502.9999999999999,107.66666666666669,3.93978894460595,20,0.02
54085,298.45,32.763365754959004,214.0,361.0,147.0,87.10000000000002,42.766666666666666,1.8007480078265594,19,0.02
54087,299.1166666666667,36.32904784761258,219.0,370.0,151.0,89.00000000000003,37.63333333333333,2.19239488460899,19,0.04
54089,682.6666666666666,137.81449908551747,432.0,981.0,549.0,358.29999999999995,104.46666666666668,6.225090645046885,20,1.78
54091,419.48333333333335,67.00531010241579,320.0,573.0,253.0,166.8,45.4,4.2220798754512305,19,1.66
54093,859.3333333333334,203.50727023757167,487.0,1301.0,814.0,551.3000000000001,83.68333333333334,4.6627609864936135,16,0.53
54095,296.3,48.1207168465985,206.0,385.0,179.0,135.0,44.18333333333333,2.648647606336506,19,1.2
54097,555.55,89.17121694921175,373.0,785.0,412.0,215.8,47.583333333333336,3.162652281526722,19,0.03
54099,278.45,52.8507412195669,159.0,389.0,230.0,137.8,41.71666666666667,1.9377714147723557,19,1.26
54101,817.7,169.59646022849032,484.0,1168.0,684.0,468.0000000000001,86.28333333333333,5.587678428608015,20,0.01
54103,371.0833333333333,50.64944046294134,186.0,456.0,270.0,124.3,45.36666666666667,2.6159663543761966,19,0.59
54105,269.78333333333336,34.85324762567324,189.0,331.0,142.0,87.6,35.1,2.535820993771197,19,0.78
54107,242.9,34.93757144257575,176.0,301.0,125.0,99.29999999999998,28.533333333333335,3.0569770567605077,18,2.55
54109,608.1166666666667,129.87687672308968,362.0,998.0,636.0,362.7,95.86666666666666,6.032555701099989,20,0.19
