n_estimators,learning_rate,max_depth,subsample,colsample_bytree,min_child_weight,reg_lambda,reg_alpha,state,metric
1800,0.024625493045863485,5,0.7341924528850906,0.681902962431859,3,1.3519116510894296,0.00015821607654820154,PRUNED,0.008275313830614679
1800,0.04031019317968258,5,0.6709577807017977,0.6947630635002875,1,2.0128763371596836,0.00010198327424966757,PRUNED,0.008275770162872592
700,0.034214181372507056,5,0.8474962834566732,0.7559176316106343,8,0.7946472137534007,0.00017468001994355687,PRUNED,0.008302197322545841
1500,0.012016431747348134,4,0.7760344956527362,0.7716079947871982,3,0.341380304295585,0.00043909456368630885,PRUNED,0.008335014727015755
300,0.13987451224230907,6,0.9960454578505709,0.6561887523119667,10,0.30015816915321175,0.0009103789437118347,PRUNED,0.008342721136172147
2000,0.015178307672159195,5,0.7548694385284039,0.7369429735897751,9,3.45641105000061,0.0006039170191846163,PRUNED,0.00834903357037848
1600,0.032898977998285284,4,0.8363223463950744,0.8084690059826282,11,0.11288457866569171,0.00022780198210021265,PRUNED,0.008351248045900376
1500,0.0594351577488036,3,0.8861127991184723,0.5386157562923101,3,5.146962931010751,0.00041539654602284446,PRUNED,0.008351264959122702
1300,0.11153478352024898,6,0.825530728882889,0.5724430447350412,7,0.437116017162474,0.00036705800142749676,PRUNED,0.008352192486759467
1200,0.019299974421195753,4,0.6975431256507983,0.6168502132035966,5,1.1416330446951057,0.0009390607047163696,PRUNED,0.008364830616785605
2000,0.017989360407852525,4,0.7160204903952869,0.8271263289519736,4,0.15199163933029838,0.0005656560483829988,PRUNED,0.00837373640670285
1700,0.012017303936226575,3,0.9170591868354608,0.481903441846693,30,8.16374869452711,4.701050633113008,PRUNED,0.00839997645589823
800,0.043477055106943,3,0.9010984903770198,0.44473038620786254,40,5.983542473217019,0.0008585370205937364,PRUNED,0.008410524472955632
1900,0.015917060896736866,4,0.9429216893832113,0.7135725448158806,14,0.12106758696858064,0.40735212479022026,PRUNED,0.00842031466499194
1300,0.07386391228000022,5,0.6347936794723361,0.8023014477445489,15,1.2848662140367788,0.0013429680269363487,PRUNED,0.00842163141050821
1400,0.013635194319472839,4,0.722525318000438,0.9947663176861599,9,1.6786603874270918,0.0018570268889592369,PRUNED,0.008432874464639807
400,0.017001754132211097,3,0.6626651653816322,0.6332063738136893,11,8.071418522169695,0.004746496676106306,PRUNED,0.008435248437635707
900,0.04844463445211732,3,0.8708985492426263,0.7721559796995066,4,0.641233516541324,0.01021855403238381,PRUNED,0.008448800753097528
1900,0.05261846898347101,5,0.8033099624520056,0.5227572446207671,5,0.9300370205283065,0.0011958816666434086,PRUNED,0.008453211552040625
1600,0.03414652924516291,8,0.7836988137501216,0.6276715531742942,3,0.19825607211491367,0.00015552127683523078,PRUNED,0.008464212065344295
1000,0.06100772956858172,7,0.5975555076129301,0.5269903725778321,24,0.8385552903203459,0.00026529262071474494,PRUNED,0.008469003047750008
1600,0.021894932902542505,4,0.7591399018676126,0.8900495558080491,13,1.581081266802353,0.0004922128687200229,PRUNED,0.008474010554360069
1500,0.10325768596030366,4,0.8448372126058836,0.5964943525856926,17,2.7460689362515796,0.00033426463714366625,PRUNED,0.00850959887003441
1700,0.09076171519896972,5,0.7589693761883746,0.6689071101264688,1,2.366720831588369,0.00010180704860480541,PRUNED,0.008543156605578783
1800,0.02668860701127445,5,0.7629673564181275,0.7016280241295061,4,0.7503895705815502,0.00010025948523399906,COMPLETE,0.01016071873255491
2000,0.013367871273480842,5,0.8581165320998806,0.657090160039986,4,0.2664328166038684,0.0014468944903715552,COMPLETE,0.010256526014412003
2000,0.022714908937251786,5,0.7916247890637038,0.6596306493154576,5,0.2360068170159469,0.00015940527984493165,COMPLETE,0.010264141843449625
1700,0.02577694152793998,3,0.7884209862346213,0.6535814638029781,3,4.747449692916295,0.0003616788956084195,COMPLETE,0.01034166239001562
1100,0.0838375512850209,4,0.7571172192068059,0.7554487413172255,2,2.5002240473339543,0.00063283099528693,COMPLETE,0.01037000592259766
1800,0.024449292983824634,5,0.7491340783908502,0.6829554234304778,1,1.4872923249330992,0.00010350908416177815,COMPLETE,0.01037228987504364
2000,0.019538224940924907,5,0.81141842832402,0.619163172185842,8,0.20783274017455178,0.0006930680535461606,COMPLETE,0.010372420022894483
1800,0.028661087275475748,6,0.6933145661944938,0.7288127400105481,1,0.5508296834377494,0.00021100952400963797,COMPLETE,0.010375435334527923
1700,0.023504680388887682,5,0.7787600610872776,0.5976818924363599,7,0.2139814807787864,0.0017668550892566812,COMPLETE,0.010380997013190838
1700,0.027082478569659913,6,0.6921539470813262,0.7380220061645978,1,0.5133930069211403,0.00025459212906410054,COMPLETE,0.010382584864338764
800,0.04141536110538596,6,0.645614570099021,0.7671117368334277,6,0.4701469243560972,0.005266514841107984,COMPLETE,0.010388972217348713
600,0.05,6,0.8,0.8,5,1.0,0.0001,COMPLETE,0.010424664727105041
1300,0.06803900745073706,3,0.9849549260809971,0.899465584480253,9,0.2620503255096255,0.0007274653135669422,COMPLETE,0.010427394261943938
600,0.07615113073859343,5,0.7425657797813183,0.8425768502138459,6,3.0491073658175933,0.0027042660571537994,COMPLETE,0.010470804799109376
2000,0.01325909298928709,7,0.864825971374941,0.40422062691576893,5,0.25230657389329564,0.0033854127423980753,COMPLETE,0.010497116835935039
1800,0.01410199935484404,6,0.9321486012147254,0.6447094820847902,12,0.16232588288060745,0.010822327661997956,COMPLETE,0.010497140926210048
1900,0.02030761468612278,6,0.8080213649507375,0.7001139930996211,6,0.3482979745845616,0.00011341772124895439,COMPLETE,0.010502146091976097
1900,0.010721959976052927,7,0.718264142589579,0.856636551398642,19,5.410325508650995,0.002709538072607735,COMPLETE,0.010637714290431673
1100,0.029310412671044114,4,0.5595491595979389,0.6745025567233778,2,11.787490126770297,0.034383606651536586,COMPLETE,0.01068772452793601
2000,0.010163732690779385,5,0.5089809378074098,0.7125861103043781,19,16.160741196373213,0.17465093710852317,COMPLETE,0.0107522404055481
500,0.03822726574649208,3,0.954660201039391,0.5552679889600102,27,0.5215026697411662,0.027783313007975565,COMPLETE,0.010869133601638867
400,0.13060986669773664,9,0.9041986740582306,0.5827682615040224,4,3.753537145233125,0.011702088154220882,COMPLETE,0.011120560812237298
1200,0.016497027917250065,9,0.8875664116805573,0.9636993649385135,36,2.375668206925437,2.147135132541305,COMPLETE,0.01117646122901978
900,0.13125830316209655,8,0.7993292420985183,0.4936111842654619,7,0.1360354613611808,1.1752647960576206,COMPLETE,0.011279363125112343
